image_id,image_path,model,model_name,predicted_label,score_good,score_bad,checkpoint_path,learning_rate,source_wandb_run_id,best_epoch,best_val_f1
p0_img0,data/raw/p0_img0.png,VGG16,vgg16,Good,0.99918,0.00082,outputs/checkpoints/best_vgg16_lr0.0001.pth,0.0001,1xptjn7v,29,0.8444444444444444
p0_img1,data/raw/p0_img1.png,VGG16,vgg16,Bad,0.27348,0.72652,outputs/checkpoints/best_vgg16_lr0.0001.pth,0.0001,1xptjn7v,29,0.8444444444444444
p0_img10,data/raw/p0_img10.png,VGG16,vgg16,Good,0.999932,6.8e-05,outputs/checkpoints/best_vgg16_lr0.0001.pth,0.0001,1xptjn7v,29,0.8444444444444444
p0_img11,data/raw/p0_img11.png,VGG16,vgg16,Good,0.981842,0.018158,outputs/checkpoints/best_vgg16_lr0.0001.pth,0.0001,1xptjn7v,29,0.8444444444444444
p0_img12,data/raw/p0_img12.png,VGG16,vgg16,Good,0.999444,0.000556,outputs/checkpoints/best_vgg16_lr0.0001.pth,0.0001,1xptjn7v,29,0.8444444444444444
p0_img13,data/raw/p0_img13.png,VGG16,vgg16,Good,0.998905,0.001095,outputs/checkpoints/best_vgg16_lr0.0001.pth,0.0001,1xptjn7v,29,0.8444444444444444
p0_img14,data/raw/p0_img14.png,VGG16,vgg16,Good,0.999867,0.000133,outputs/checkpoints/best_vgg16_lr0.0001.pth,0.0001,1xptjn7v,29,0.8444444444444444
p0_img15,data/raw/p0_img15.png,VGG16,vgg16,Good,0.9946,0.0054,outputs/checkpoints/best_vgg16_lr0.0001.pth,0.0001,1xptjn7v,29,0.8444444444444444
p0_img16,data/raw/p0_img16.png,VGG16,vgg16,Good,0.999984,1.6e-05,outputs/checkpoints/best_vgg16_lr0.0001.pth,0.0001,1xptjn7v,29,0.8444444444444444
p0_img17,data/raw/p0_img17.png,VGG16,vgg16,Good,0.99999,1e-05,outputs/checkpoints/best_vgg16_lr0.0001.pth,0.0001,1xptjn7v,29,0.8444444444444444
p0_img18,data/raw/p0_img18.png,VGG16,vgg16,Good,0.999726,0.000274,outputs/checkpoints/best_vgg16_lr0.0001.pth,0.0001,1xptjn7v,29,0.8444444444444444
p0_img19,data/raw/p0_img19.png,VGG16,vgg16,Good,0.999976,2.4e-05,outputs/checkpoints/best_vgg16_lr0.0001.pth,0.0001,1xptjn7v,29,0.8444444444444444
p0_img2,data/raw/p0_img2.png,VGG16,vgg16,Good,0.999818,0.000182,outputs/checkpoints/best_vgg16_lr0.0001.pth,0.0001,1xptjn7v,29,0.8444444444444444
p0_img20,data/raw/p0_img20.png,VGG16,vgg16,Good,0.985745,0.014255,outputs/checkpoints/best_vgg16_lr0.0001.pth,0.0001,1xptjn7v,29,0.8444444444444444
p0_img21,data/raw/p0_img21.png,VGG16,vgg16,Good,0.99453,0.00547,outputs/checkpoints/best_vgg16_lr0.0001.pth,0.0001,1xptjn7v,29,0.8444444444444444
p0_img22,data/raw/p0_img22.png,VGG16,vgg16,Good,0.99999,1e-05,outputs/checkpoints/best_vgg16_lr0.0001.pth,0.0001,1xptjn7v,29,0.8444444444444444
p0_img23,data/raw/p0_img23.png,VGG16,vgg16,Good,0.996724,0.003276,outputs/checkpoints/best_vgg16_lr0.0001.pth,0.0001,1xptjn7v,29,0.8444444444444444
p0_img24,data/raw/p0_img24.png,VGG16,vgg16,Good,0.999938,6.2e-05,outputs/checkpoints/best_vgg16_lr0.0001.pth,0.0001,1xptjn7v,29,0.8444444444444444
p0_img25,data/raw/p0_img25.png,VGG16,vgg16,Good,0.999958,4.2e-05,outputs/checkpoints/best_vgg16_lr0.0001.pth,0.0001,1xptjn7v,29,0.8444444444444444
p0_img26,data/raw/p0_img26.png,VGG16,vgg16,Good,0.763718,0.236282,outputs/checkpoints/best_vgg16_lr0.0001.pth,0.0001,1xptjn7v,29,0.8444444444444444
p0_img27,data/raw/p0_img27.png,VGG16,vgg16,Good,0.999488,0.000512,outputs/checkpoints/best_vgg16_lr0.0001.pth,0.0001,1xptjn7v,29,0.8444444444444444
p0_img28,data/raw/p0_img28.png,VGG16,vgg16,Good,0.993731,0.006269,outputs/checkpoints/best_vgg16_lr0.0001.pth,0.0001,1xptjn7v,29,0.8444444444444444
p0_img29,data/raw/p0_img29.png,VGG16,vgg16,Good,0.967828,0.032172,outputs/checkpoints/best_vgg16_lr0.0001.pth,0.0001,1xptjn7v,29,0.8444444444444444
p0_img3,data/raw/p0_img3.png,VGG16,vgg16,Good,0.999997,3e-06,outputs/checkpoints/best_vgg16_lr0.0001.pth,0.0001,1xptjn7v,29,0.8444444444444444
p0_img4,data/raw/p0_img4.png,VGG16,vgg16,Good,0.991455,0.008545,outputs/checkpoints/best_vgg16_lr0.0001.pth,0.0001,1xptjn7v,29,0.8444444444444444
p0_img5,data/raw/p0_img5.png,VGG16,vgg16,Good,0.999999,1e-06,outputs/checkpoints/best_vgg16_lr0.0001.pth,0.0001,1xptjn7v,29,0.8444444444444444
p0_img6,data/raw/p0_img6.png,VGG16,vgg16,Good,0.999988,1.2e-05,outputs/checkpoints/best_vgg16_lr0.0001.pth,0.0001,1xptjn7v,29,0.8444444444444444
p0_img7,data/raw/p0_img7.png,VGG16,vgg16,Good,0.999953,4.7e-05,outputs/checkpoints/best_vgg16_lr0.0001.pth,0.0001,1xptjn7v,29,0.8444444444444444
p0_img8,data/raw/p0_img8.png,VGG16,vgg16,Good,0.999992,8e-06,outputs/checkpoints/best_vgg16_lr0.0001.pth,0.0001,1xptjn7v,29,0.8444444444444444
p0_img9,data/raw/p0_img9.png,VGG16,vgg16,Good,0.996357,0.003643,outputs/checkpoints/best_vgg16_lr0.0001.pth,0.0001,1xptjn7v,29,0.8444444444444444
p0_seed0,data/raw/p0_seed0.jpg,VGG16,vgg16,Bad,0.051683,0.948317,outputs/checkpoints/best_vgg16_lr0.0001.pth,0.0001,1xptjn7v,29,0.8444444444444444
p0_seed1,data/raw/p0_seed1.jpg,VGG16,vgg16,Good,0.999968,3.2e-05,outputs/checkpoints/best_vgg16_lr0.0001.pth,0.0001,1xptjn7v,29,0.8444444444444444
p0_seed10,data/raw/p0_seed10.jpg,VGG16,vgg16,Good,0.999978,2.2e-05,outputs/checkpoints/best_vgg16_lr0.0001.pth,0.0001,1xptjn7v,29,0.8444444444444444
p0_seed11,data/raw/p0_seed11.jpg,VGG16,vgg16,Good,0.98972,0.01028,outputs/checkpoints/best_vgg16_lr0.0001.pth,0.0001,1xptjn7v,29,0.8444444444444444
p0_seed12,data/raw/p0_seed12.jpg,VGG16,vgg16,Good,0.955125,0.044875,outputs/checkpoints/best_vgg16_lr0.0001.pth,0.0001,1xptjn7v,29,0.8444444444444444
p0_seed13,data/raw/p0_seed13.jpg,VGG16,vgg16,Good,0.999999,1e-06,outputs/checkpoints/best_vgg16_lr0.0001.pth,0.0001,1xptjn7v,29,0.8444444444444444
p0_seed14,data/raw/p0_seed14.jpg,VGG16,vgg16,Good,0.956487,0.043513,outputs/checkpoints/best_vgg16_lr0.0001.pth,0.0001,1xptjn7v,29,0.8444444444444444
p0_seed15,data/raw/p0_seed15.jpg,VGG16,vgg16,Good,0.59274,0.40726,outputs/checkpoints/best_vgg16_lr0.0001.pth,0.0001,1xptjn7v,29,0.8444444444444444
p0_seed16,data/raw/p0_seed16.jpg,VGG16,vgg16,Bad,0.000284,0.999716,outputs/checkpoints/best_vgg16_lr0.0001.pth,0.0001,1xptjn7v,29,0.8444444444444444
p0_seed17,data/raw/p0_seed17.jpg,VGG16,vgg16,Bad,1.3e-05,0.999987,outputs/checkpoints/best_vgg16_lr0.0001.pth,0.0001,1xptjn7v,29,0.8444444444444444
p0_seed18,data/raw/p0_seed18.jpg,VGG16,vgg16,Good,0.99246,0.00754,outputs/checkpoints/best_vgg16_lr0.0001.pth,0.0001,1xptjn7v,29,0.8444444444444444
p0_seed19,data/raw/p0_seed19.jpg,VGG16,vgg16,Good,0.995391,0.004609,outputs/checkpoints/best_vgg16_lr0.0001.pth,0.0001,1xptjn7v,29,0.8444444444444444
p0_seed2,data/raw/p0_seed2.jpg,VGG16,vgg16,Bad,0.004459,0.995541,outputs/checkpoints/best_vgg16_lr0.0001.pth,0.0001,1xptjn7v,29,0.8444444444444444
p0_seed20,data/raw/p0_seed20.jpg,VGG16,vgg16,Good,0.999973,2.7e-05,outputs/checkpoints/best_vgg16_lr0.0001.pth,0.0001,1xptjn7v,29,0.8444444444444444
p0_seed21,data/raw/p0_seed21.jpg,VGG16,vgg16,Bad,0.002173,0.997827,outputs/checkpoints/best_vgg16_lr0.0001.pth,0.0001,1xptjn7v,29,0.8444444444444444
p0_seed22,data/raw/p0_seed22.jpg,VGG16,vgg16,Good,0.992468,0.007532,outputs/checkpoints/best_vgg16_lr0.0001.pth,0.0001,1xptjn7v,29,0.8444444444444444
p0_seed23,data/raw/p0_seed23.jpg,VGG16,vgg16,Bad,0.000263,0.999737,outputs/checkpoints/best_vgg16_lr0.0001.pth,0.0001,1xptjn7v,29,0.8444444444444444
p0_seed24,data/raw/p0_seed24.jpg,VGG16,vgg16,Good,0.995348,0.004652,outputs/checkpoints/best_vgg16_lr0.0001.pth,0.0001,1xptjn7v,29,0.8444444444444444
p0_seed25,data/raw/p0_seed25.jpg,VGG16,vgg16,Good,0.999997,3e-06,outputs/checkpoints/best_vgg16_lr0.0001.pth,0.0001,1xptjn7v,29,0.8444444444444444
p0_seed26,data/raw/p0_seed26.jpg,VGG16,vgg16,Bad,0.018028,0.981972,outputs/checkpoints/best_vgg16_lr0.0001.pth,0.0001,1xptjn7v,29,0.8444444444444444
p0_seed27,data/raw/p0_seed27.jpg,VGG16,vgg16,Bad,0.42949,0.57051,outputs/checkpoints/best_vgg16_lr0.0001.pth,0.0001,1xptjn7v,29,0.8444444444444444
p0_seed28,data/raw/p0_seed28.jpg,VGG16,vgg16,Good,0.991818,0.008182,outputs/checkpoints/best_vgg16_lr0.0001.pth,0.0001,1xptjn7v,29,0.8444444444444444
p0_seed29,data/raw/p0_seed29.jpg,VGG16,vgg16,Good,0.997515,0.002485,outputs/checkpoints/best_vgg16_lr0.0001.pth,0.0001,1xptjn7v,29,0.8444444444444444
p0_seed3,data/raw/p0_seed3.jpg,VGG16,vgg16,Bad,0.195085,0.804915,outputs/checkpoints/best_vgg16_lr0.0001.pth,0.0001,1xptjn7v,29,0.8444444444444444
p0_seed4,data/raw/p0_seed4.jpg,VGG16,vgg16,Good,0.999987,1.3e-05,outputs/checkpoints/best_vgg16_lr0.0001.pth,0.0001,1xptjn7v,29,0.8444444444444444
p0_seed5,data/raw/p0_seed5.jpg,VGG16,vgg16,Good,0.998322,0.001678,outputs/checkpoints/best_vgg16_lr0.0001.pth,0.0001,1xptjn7v,29,0.8444444444444444
p0_seed6,data/raw/p0_seed6.jpg,VGG16,vgg16,Bad,0.00208,0.99792,outputs/checkpoints/best_vgg16_lr0.0001.pth,0.0001,1xptjn7v,29,0.8444444444444444
p0_seed7,data/raw/p0_seed7.jpg,VGG16,vgg16,Bad,0.00302,0.99698,outputs/checkpoints/best_vgg16_lr0.0001.pth,0.0001,1xptjn7v,29,0.8444444444444444
p0_seed8,data/raw/p0_seed8.jpg,VGG16,vgg16,Bad,0.005089,0.994911,outputs/checkpoints/best_vgg16_lr0.0001.pth,0.0001,1xptjn7v,29,0.8444444444444444
p0_seed9,data/raw/p0_seed9.jpg,VGG16,vgg16,Good,0.995544,0.004456,outputs/checkpoints/best_vgg16_lr0.0001.pth,0.0001,1xptjn7v,29,0.8444444444444444
p1_img0,data/raw/p1_img0.png,VGG16,vgg16,Bad,0.226506,0.773494,outputs/checkpoints/best_vgg16_lr0.0001.pth,0.0001,1xptjn7v,29,0.8444444444444444
p1_img1,data/raw/p1_img1.png,VGG16,vgg16,Bad,4.9e-05,0.999951,outputs/checkpoints/best_vgg16_lr0.0001.pth,0.0001,1xptjn7v,29,0.8444444444444444
p1_img10,data/raw/p1_img10.png,VGG16,vgg16,Good,0.999431,0.000569,outputs/checkpoints/best_vgg16_lr0.0001.pth,0.0001,1xptjn7v,29,0.8444444444444444
p1_img11,data/raw/p1_img11.png,VGG16,vgg16,Good,1.0,0.0,outputs/checkpoints/best_vgg16_lr0.0001.pth,0.0001,1xptjn7v,29,0.8444444444444444
p1_img12,data/raw/p1_img12.png,VGG16,vgg16,Good,0.999931,6.9e-05,outputs/checkpoints/best_vgg16_lr0.0001.pth,0.0001,1xptjn7v,29,0.8444444444444444
p1_img13,data/raw/p1_img13.png,VGG16,vgg16,Good,0.999767,0.000232,outputs/checkpoints/best_vgg16_lr0.0001.pth,0.0001,1xptjn7v,29,0.8444444444444444
p1_img14,data/raw/p1_img14.png,VGG16,vgg16,Good,0.999998,2e-06,outputs/checkpoints/best_vgg16_lr0.0001.pth,0.0001,1xptjn7v,29,0.8444444444444444
p1_img15,data/raw/p1_img15.png,VGG16,vgg16,Good,0.999602,0.000398,outputs/checkpoints/best_vgg16_lr0.0001.pth,0.0001,1xptjn7v,29,0.8444444444444444
p1_img16,data/raw/p1_img16.png,VGG16,vgg16,Good,0.999962,3.8e-05,outputs/checkpoints/best_vgg16_lr0.0001.pth,0.0001,1xptjn7v,29,0.8444444444444444
p1_img17,data/raw/p1_img17.png,VGG16,vgg16,Good,0.999992,8e-06,outputs/checkpoints/best_vgg16_lr0.0001.pth,0.0001,1xptjn7v,29,0.8444444444444444
p1_img18,data/raw/p1_img18.png,VGG16,vgg16,Good,0.998751,0.001249,outputs/checkpoints/best_vgg16_lr0.0001.pth,0.0001,1xptjn7v,29,0.8444444444444444
p1_img19,data/raw/p1_img19.png,VGG16,vgg16,Good,0.999995,4e-06,outputs/checkpoints/best_vgg16_lr0.0001.pth,0.0001,1xptjn7v,29,0.8444444444444444
p1_img2,data/raw/p1_img2.png,VGG16,vgg16,Good,0.9299,0.0701,outputs/checkpoints/best_vgg16_lr0.0001.pth,0.0001,1xptjn7v,29,0.8444444444444444
p1_img20,data/raw/p1_img20.png,VGG16,vgg16,Good,0.999996,4e-06,outputs/checkpoints/best_vgg16_lr0.0001.pth,0.0001,1xptjn7v,29,0.8444444444444444
p1_img21,data/raw/p1_img21.png,VGG16,vgg16,Good,1.0,0.0,outputs/checkpoints/best_vgg16_lr0.0001.pth,0.0001,1xptjn7v,29,0.8444444444444444
p1_img22,data/raw/p1_img22.png,VGG16,vgg16,Good,1.0,0.0,outputs/checkpoints/best_vgg16_lr0.0001.pth,0.0001,1xptjn7v,29,0.8444444444444444
p1_img23,data/raw/p1_img23.png,VGG16,vgg16,Good,0.991228,0.008772,outputs/checkpoints/best_vgg16_lr0.0001.pth,0.0001,1xptjn7v,29,0.8444444444444444
p1_img24,data/raw/p1_img24.png,VGG16,vgg16,Good,1.0,0.0,outputs/checkpoints/best_vgg16_lr0.0001.pth,0.0001,1xptjn7v,29,0.8444444444444444
p1_img25,data/raw/p1_img25.png,VGG16,vgg16,Good,0.989607,0.010393,outputs/checkpoints/best_vgg16_lr0.0001.pth,0.0001,1xptjn7v,29,0.8444444444444444
p1_img26,data/raw/p1_img26.png,VGG16,vgg16,Bad,0.008113,0.991887,outputs/checkpoints/best_vgg16_lr0.0001.pth,0.0001,1xptjn7v,29,0.8444444444444444
p1_img27,data/raw/p1_img27.png,VGG16,vgg16,Bad,0.020705,0.979295,outputs/checkpoints/best_vgg16_lr0.0001.pth,0.0001,1xptjn7v,29,0.8444444444444444
p1_img28,data/raw/p1_img28.png,VGG16,vgg16,Good,0.999999,1e-06,outputs/checkpoints/best_vgg16_lr0.0001.pth,0.0001,1xptjn7v,29,0.8444444444444444
p1_img29,data/raw/p1_img29.png,VGG16,vgg16,Bad,0.059524,0.940476,outputs/checkpoints/best_vgg16_lr0.0001.pth,0.0001,1xptjn7v,29,0.8444444444444444
p1_img3,data/raw/p1_img3.png,VGG16,vgg16,Good,0.999986,1.4e-05,outputs/checkpoints/best_vgg16_lr0.0001.pth,0.0001,1xptjn7v,29,0.8444444444444444
p1_img4,data/raw/p1_img4.png,VGG16,vgg16,Good,1.0,0.0,outputs/checkpoints/best_vgg16_lr0.0001.pth,0.0001,1xptjn7v,29,0.8444444444444444
p1_img5,data/raw/p1_img5.png,VGG16,vgg16,Bad,0.00681,0.99319,outputs/checkpoints/best_vgg16_lr0.0001.pth,0.0001,1xptjn7v,29,0.8444444444444444
p1_img6,data/raw/p1_img6.png,VGG16,vgg16,Bad,0.15665,0.84335,outputs/checkpoints/best_vgg16_lr0.0001.pth,0.0001,1xptjn7v,29,0.8444444444444444
p1_img7,data/raw/p1_img7.png,VGG16,vgg16,Good,0.999811,0.000189,outputs/checkpoints/best_vgg16_lr0.0001.pth,0.0001,1xptjn7v,29,0.8444444444444444
p1_img8,data/raw/p1_img8.png,VGG16,vgg16,Good,0.999967,3.4e-05,outputs/checkpoints/best_vgg16_lr0.0001.pth,0.0001,1xptjn7v,29,0.8444444444444444
p1_img9,data/raw/p1_img9.png,VGG16,vgg16,Good,0.999952,4.8e-05,outputs/checkpoints/best_vgg16_lr0.0001.pth,0.0001,1xptjn7v,29,0.8444444444444444
p1_seed0,data/raw/p1_seed0.jpg,VGG16,vgg16,Bad,0.023652,0.976348,outputs/checkpoints/best_vgg16_lr0.0001.pth,0.0001,1xptjn7v,29,0.8444444444444444
p1_seed1,data/raw/p1_seed1.jpg,VGG16,vgg16,Good,0.999705,0.000295,outputs/checkpoints/best_vgg16_lr0.0001.pth,0.0001,1xptjn7v,29,0.8444444444444444
p1_seed10,data/raw/p1_seed10.jpg,VGG16,vgg16,Good,0.975632,0.024368,outputs/checkpoints/best_vgg16_lr0.0001.pth,0.0001,1xptjn7v,29,0.8444444444444444
p1_seed11,data/raw/p1_seed11.jpg,VGG16,vgg16,Bad,0.017727,0.982273,outputs/checkpoints/best_vgg16_lr0.0001.pth,0.0001,1xptjn7v,29,0.8444444444444444
p1_seed12,data/raw/p1_seed12.jpg,VGG16,vgg16,Bad,0.047712,0.952288,outputs/checkpoints/best_vgg16_lr0.0001.pth,0.0001,1xptjn7v,29,0.8444444444444444
p1_seed13,data/raw/p1_seed13.jpg,VGG16,vgg16,Bad,0.006614,0.993386,outputs/checkpoints/best_vgg16_lr0.0001.pth,0.0001,1xptjn7v,29,0.8444444444444444
p1_seed14,data/raw/p1_seed14.jpg,VGG16,vgg16,Bad,0.002072,0.997928,outputs/checkpoints/best_vgg16_lr0.0001.pth,0.0001,1xptjn7v,29,0.8444444444444444
p1_seed15,data/raw/p1_seed15.jpg,VGG16,vgg16,Bad,0.124047,0.875953,outputs/checkpoints/best_vgg16_lr0.0001.pth,0.0001,1xptjn7v,29,0.8444444444444444
p1_seed16,data/raw/p1_seed16.jpg,VGG16,vgg16,Bad,0.006648,0.993352,outputs/checkpoints/best_vgg16_lr0.0001.pth,0.0001,1xptjn7v,29,0.8444444444444444
p1_seed17,data/raw/p1_seed17.jpg,VGG16,vgg16,Bad,0.004672,0.995328,outputs/checkpoints/best_vgg16_lr0.0001.pth,0.0001,1xptjn7v,29,0.8444444444444444
p1_seed18,data/raw/p1_seed18.jpg,VGG16,vgg16,Good,0.981484,0.018517,outputs/checkpoints/best_vgg16_lr0.0001.pth,0.0001,1xptjn7v,29,0.8444444444444444
p1_seed19,data/raw/p1_seed19.jpg,VGG16,vgg16,Good,0.967465,0.032535,outputs/checkpoints/best_vgg16_lr0.0001.pth,0.0001,1xptjn7v,29,0.8444444444444444
p1_seed2,data/raw/p1_seed2.jpg,VGG16,vgg16,Good,0.983286,0.016714,outputs/checkpoints/best_vgg16_lr0.0001.pth,0.0001,1xptjn7v,29,0.8444444444444444
p1_seed20,data/raw/p1_seed20.jpg,VGG16,vgg16,Good,0.70238,0.29762,outputs/checkpoints/best_vgg16_lr0.0001.pth,0.0001,1xptjn7v,29,0.8444444444444444
p1_seed21,data/raw/p1_seed21.jpg,VGG16,vgg16,Bad,0.043295,0.956705,outputs/checkpoints/best_vgg16_lr0.0001.pth,0.0001,1xptjn7v,29,0.8444444444444444
p1_seed22,data/raw/p1_seed22.jpg,VGG16,vgg16,Bad,0.017255,0.982745,outputs/checkpoints/best_vgg16_lr0.0001.pth,0.0001,1xptjn7v,29,0.8444444444444444
p1_seed23,data/raw/p1_seed23.jpg,VGG16,vgg16,Bad,0.232756,0.767244,outputs/checkpoints/best_vgg16_lr0.0001.pth,0.0001,1xptjn7v,29,0.8444444444444444
p1_seed24,data/raw/p1_seed24.jpg,VGG16,vgg16,Bad,0.010691,0.989309,outputs/checkpoints/best_vgg16_lr0.0001.pth,0.0001,1xptjn7v,29,0.8444444444444444
p1_seed25,data/raw/p1_seed25.jpg,VGG16,vgg16,Bad,0.285018,0.714982,outputs/checkpoints/best_vgg16_lr0.0001.pth,0.0001,1xptjn7v,29,0.8444444444444444
p1_seed26,data/raw/p1_seed26.jpg,VGG16,vgg16,Bad,0.300731,0.699269,outputs/checkpoints/best_vgg16_lr0.0001.pth,0.0001,1xptjn7v,29,0.8444444444444444
p1_seed27,data/raw/p1_seed27.jpg,VGG16,vgg16,Bad,0.485873,0.514127,outputs/checkpoints/best_vgg16_lr0.0001.pth,0.0001,1xptjn7v,29,0.8444444444444444
p1_seed28,data/raw/p1_seed28.jpg,VGG16,vgg16,Good,0.999141,0.000859,outputs/checkpoints/best_vgg16_lr0.0001.pth,0.0001,1xptjn7v,29,0.8444444444444444
p1_seed29,data/raw/p1_seed29.jpg,VGG16,vgg16,Bad,0.239183,0.760817,outputs/checkpoints/best_vgg16_lr0.0001.pth,0.0001,1xptjn7v,29,0.8444444444444444
p1_seed3,data/raw/p1_seed3.jpg,VGG16,vgg16,Good,0.984651,0.015349,outputs/checkpoints/best_vgg16_lr0.0001.pth,0.0001,1xptjn7v,29,0.8444444444444444
p1_seed4,data/raw/p1_seed4.jpg,VGG16,vgg16,Good,0.887097,0.112903,outputs/checkpoints/best_vgg16_lr0.0001.pth,0.0001,1xptjn7v,29,0.8444444444444444
p1_seed5,data/raw/p1_seed5.jpg,VGG16,vgg16,Bad,0.303543,0.696457,outputs/checkpoints/best_vgg16_lr0.0001.pth,0.0001,1xptjn7v,29,0.8444444444444444
p1_seed6,data/raw/p1_seed6.jpg,VGG16,vgg16,Good,0.951488,0.048512,outputs/checkpoints/best_vgg16_lr0.0001.pth,0.0001,1xptjn7v,29,0.8444444444444444
p1_seed7,data/raw/p1_seed7.jpg,VGG16,vgg16,Good,0.984314,0.015686,outputs/checkpoints/best_vgg16_lr0.0001.pth,0.0001,1xptjn7v,29,0.8444444444444444
p1_seed8,data/raw/p1_seed8.jpg,VGG16,vgg16,Bad,0.027458,0.972542,outputs/checkpoints/best_vgg16_lr0.0001.pth,0.0001,1xptjn7v,29,0.8444444444444444
p1_seed9,data/raw/p1_seed9.jpg,VGG16,vgg16,Good,0.980967,0.019033,outputs/checkpoints/best_vgg16_lr0.0001.pth,0.0001,1xptjn7v,29,0.8444444444444444
p2_img0,data/raw/p2_img0.png,VGG16,vgg16,Bad,0.440187,0.559813,outputs/checkpoints/best_vgg16_lr0.0001.pth,0.0001,1xptjn7v,29,0.8444444444444444
p2_img1,data/raw/p2_img1.png,VGG16,vgg16,Bad,0.001105,0.998895,outputs/checkpoints/best_vgg16_lr0.0001.pth,0.0001,1xptjn7v,29,0.8444444444444444
p2_img10,data/raw/p2_img10.png,VGG16,vgg16,Good,0.999997,3e-06,outputs/checkpoints/best_vgg16_lr0.0001.pth,0.0001,1xptjn7v,29,0.8444444444444444
p2_img11,data/raw/p2_img11.png,VGG16,vgg16,Good,0.997843,0.002157,outputs/checkpoints/best_vgg16_lr0.0001.pth,0.0001,1xptjn7v,29,0.8444444444444444
p2_img12,data/raw/p2_img12.png,VGG16,vgg16,Good,0.99913,0.00087,outputs/checkpoints/best_vgg16_lr0.0001.pth,0.0001,1xptjn7v,29,0.8444444444444444
p2_img13,data/raw/p2_img13.png,VGG16,vgg16,Good,0.999999,1e-06,outputs/checkpoints/best_vgg16_lr0.0001.pth,0.0001,1xptjn7v,29,0.8444444444444444
p2_img14,data/raw/p2_img14.png,VGG16,vgg16,Good,0.999998,2e-06,outputs/checkpoints/best_vgg16_lr0.0001.pth,0.0001,1xptjn7v,29,0.8444444444444444
p2_img15,data/raw/p2_img15.png,VGG16,vgg16,Good,0.642546,0.357454,outputs/checkpoints/best_vgg16_lr0.0001.pth,0.0001,1xptjn7v,29,0.8444444444444444
p2_img16,data/raw/p2_img16.png,VGG16,vgg16,Good,1.0,0.0,outputs/checkpoints/best_vgg16_lr0.0001.pth,0.0001,1xptjn7v,29,0.8444444444444444
p2_img17,data/raw/p2_img17.png,VGG16,vgg16,Good,0.999995,5e-06,outputs/checkpoints/best_vgg16_lr0.0001.pth,0.0001,1xptjn7v,29,0.8444444444444444
p2_img18,data/raw/p2_img18.png,VGG16,vgg16,Good,0.999466,0.000534,outputs/checkpoints/best_vgg16_lr0.0001.pth,0.0001,1xptjn7v,29,0.8444444444444444
p2_img19,data/raw/p2_img19.png,VGG16,vgg16,Good,1.0,0.0,outputs/checkpoints/best_vgg16_lr0.0001.pth,0.0001,1xptjn7v,29,0.8444444444444444
p2_img2,data/raw/p2_img2.png,VGG16,vgg16,Good,0.819546,0.180454,outputs/checkpoints/best_vgg16_lr0.0001.pth,0.0001,1xptjn7v,29,0.8444444444444444
p2_img20,data/raw/p2_img20.png,VGG16,vgg16,Good,0.999453,0.000547,outputs/checkpoints/best_vgg16_lr0.0001.pth,0.0001,1xptjn7v,29,0.8444444444444444
p2_img21,data/raw/p2_img21.png,VGG16,vgg16,Good,0.999027,0.000973,outputs/checkpoints/best_vgg16_lr0.0001.pth,0.0001,1xptjn7v,29,0.8444444444444444
p2_img22,data/raw/p2_img22.png,VGG16,vgg16,Good,0.998281,0.001719,outputs/checkpoints/best_vgg16_lr0.0001.pth,0.0001,1xptjn7v,29,0.8444444444444444
p2_img23,data/raw/p2_img23.png,VGG16,vgg16,Good,0.977865,0.022135,outputs/checkpoints/best_vgg16_lr0.0001.pth,0.0001,1xptjn7v,29,0.8444444444444444
p2_img24,data/raw/p2_img24.png,VGG16,vgg16,Good,0.999932,6.8e-05,outputs/checkpoints/best_vgg16_lr0.0001.pth,0.0001,1xptjn7v,29,0.8444444444444444
p2_img25,data/raw/p2_img25.png,VGG16,vgg16,Good,0.999987,1.3e-05,outputs/checkpoints/best_vgg16_lr0.0001.pth,0.0001,1xptjn7v,29,0.8444444444444444
p2_img26,data/raw/p2_img26.png,VGG16,vgg16,Bad,0.002811,0.997189,outputs/checkpoints/best_vgg16_lr0.0001.pth,0.0001,1xptjn7v,29,0.8444444444444444
p2_img27,data/raw/p2_img27.png,VGG16,vgg16,Good,0.999753,0.000247,outputs/checkpoints/best_vgg16_lr0.0001.pth,0.0001,1xptjn7v,29,0.8444444444444444
p2_img28,data/raw/p2_img28.png,VGG16,vgg16,Bad,0.055456,0.944544,outputs/checkpoints/best_vgg16_lr0.0001.pth,0.0001,1xptjn7v,29,0.8444444444444444
p2_img29,data/raw/p2_img29.png,VGG16,vgg16,Good,0.910333,0.089667,outputs/checkpoints/best_vgg16_lr0.0001.pth,0.0001,1xptjn7v,29,0.8444444444444444
p2_img3,data/raw/p2_img3.png,VGG16,vgg16,Good,0.992131,0.007869,outputs/checkpoints/best_vgg16_lr0.0001.pth,0.0001,1xptjn7v,29,0.8444444444444444
p2_img4,data/raw/p2_img4.png,VGG16,vgg16,Good,0.938632,0.061368,outputs/checkpoints/best_vgg16_lr0.0001.pth,0.0001,1xptjn7v,29,0.8444444444444444
p2_img5,data/raw/p2_img5.png,VGG16,vgg16,Good,0.998087,0.001913,outputs/checkpoints/best_vgg16_lr0.0001.pth,0.0001,1xptjn7v,29,0.8444444444444444
p2_img6,data/raw/p2_img6.png,VGG16,vgg16,Good,0.999828,0.000172,outputs/checkpoints/best_vgg16_lr0.0001.pth,0.0001,1xptjn7v,29,0.8444444444444444
p2_img7,data/raw/p2_img7.png,VGG16,vgg16,Good,0.999881,0.000119,outputs/checkpoints/best_vgg16_lr0.0001.pth,0.0001,1xptjn7v,29,0.8444444444444444
p2_img8,data/raw/p2_img8.png,VGG16,vgg16,Good,0.99982,0.00018,outputs/checkpoints/best_vgg16_lr0.0001.pth,0.0001,1xptjn7v,29,0.8444444444444444
p2_img9,data/raw/p2_img9.png,VGG16,vgg16,Bad,0.074578,0.925422,outputs/checkpoints/best_vgg16_lr0.0001.pth,0.0001,1xptjn7v,29,0.8444444444444444
p2_seed0,data/raw/p2_seed0.jpg,VGG16,vgg16,Good,0.99624,0.00376,outputs/checkpoints/best_vgg16_lr0.0001.pth,0.0001,1xptjn7v,29,0.8444444444444444
p2_seed1,data/raw/p2_seed1.jpg,VGG16,vgg16,Good,0.999544,0.000456,outputs/checkpoints/best_vgg16_lr0.0001.pth,0.0001,1xptjn7v,29,0.8444444444444444
p2_seed10,data/raw/p2_seed10.jpg,VGG16,vgg16,Good,0.999995,6e-06,outputs/checkpoints/best_vgg16_lr0.0001.pth,0.0001,1xptjn7v,29,0.8444444444444444
p2_seed11,data/raw/p2_seed11.jpg,VGG16,vgg16,Good,0.999995,5e-06,outputs/checkpoints/best_vgg16_lr0.0001.pth,0.0001,1xptjn7v,29,0.8444444444444444
p2_seed12,data/raw/p2_seed12.jpg,VGG16,vgg16,Good,0.999979,2.1e-05,outputs/checkpoints/best_vgg16_lr0.0001.pth,0.0001,1xptjn7v,29,0.8444444444444444
p2_seed13,data/raw/p2_seed13.jpg,VGG16,vgg16,Good,0.999958,4.2e-05,outputs/checkpoints/best_vgg16_lr0.0001.pth,0.0001,1xptjn7v,29,0.8444444444444444
p2_seed14,data/raw/p2_seed14.jpg,VGG16,vgg16,Bad,0.125282,0.874718,outputs/checkpoints/best_vgg16_lr0.0001.pth,0.0001,1xptjn7v,29,0.8444444444444444
p2_seed15,data/raw/p2_seed15.jpg,VGG16,vgg16,Good,0.999683,0.000316,outputs/checkpoints/best_vgg16_lr0.0001.pth,0.0001,1xptjn7v,29,0.8444444444444444
p2_seed16,data/raw/p2_seed16.jpg,VGG16,vgg16,Good,0.999604,0.000396,outputs/checkpoints/best_vgg16_lr0.0001.pth,0.0001,1xptjn7v,29,0.8444444444444444
p2_seed17,data/raw/p2_seed17.jpg,VGG16,vgg16,Bad,0.00035,0.99965,outputs/checkpoints/best_vgg16_lr0.0001.pth,0.0001,1xptjn7v,29,0.8444444444444444
p2_seed18,data/raw/p2_seed18.jpg,VGG16,vgg16,Bad,0.016839,0.983161,outputs/checkpoints/best_vgg16_lr0.0001.pth,0.0001,1xptjn7v,29,0.8444444444444444
p2_seed19,data/raw/p2_seed19.jpg,VGG16,vgg16,Good,0.999524,0.000475,outputs/checkpoints/best_vgg16_lr0.0001.pth,0.0001,1xptjn7v,29,0.8444444444444444
p2_seed2,data/raw/p2_seed2.jpg,VGG16,vgg16,Good,1.0,0.0,outputs/checkpoints/best_vgg16_lr0.0001.pth,0.0001,1xptjn7v,29,0.8444444444444444
p2_seed20,data/raw/p2_seed20.jpg,VGG16,vgg16,Good,0.999996,4e-06,outputs/checkpoints/best_vgg16_lr0.0001.pth,0.0001,1xptjn7v,29,0.8444444444444444
p2_seed21,data/raw/p2_seed21.jpg,VGG16,vgg16,Good,0.999567,0.000433,outputs/checkpoints/best_vgg16_lr0.0001.pth,0.0001,1xptjn7v,29,0.8444444444444444
p2_seed22,data/raw/p2_seed22.jpg,VGG16,vgg16,Good,0.999889,0.000111,outputs/checkpoints/best_vgg16_lr0.0001.pth,0.0001,1xptjn7v,29,0.8444444444444444
p2_seed23,data/raw/p2_seed23.jpg,VGG16,vgg16,Good,0.999961,3.9e-05,outputs/checkpoints/best_vgg16_lr0.0001.pth,0.0001,1xptjn7v,29,0.8444444444444444
p2_seed24,data/raw/p2_seed24.jpg,VGG16,vgg16,Good,0.999993,6e-06,outputs/checkpoints/best_vgg16_lr0.0001.pth,0.0001,1xptjn7v,29,0.8444444444444444
p2_seed25,data/raw/p2_seed25.jpg,VGG16,vgg16,Good,0.99929,0.00071,outputs/checkpoints/best_vgg16_lr0.0001.pth,0.0001,1xptjn7v,29,0.8444444444444444
p2_seed26,data/raw/p2_seed26.jpg,VGG16,vgg16,Bad,1.8e-05,0.999982,outputs/checkpoints/best_vgg16_lr0.0001.pth,0.0001,1xptjn7v,29,0.8444444444444444
p2_seed27,data/raw/p2_seed27.jpg,VGG16,vgg16,Good,0.999988,1.2e-05,outputs/checkpoints/best_vgg16_lr0.0001.pth,0.0001,1xptjn7v,29,0.8444444444444444
p2_seed28,data/raw/p2_seed28.jpg,VGG16,vgg16,Good,0.999989,1.1e-05,outputs/checkpoints/best_vgg16_lr0.0001.pth,0.0001,1xptjn7v,29,0.8444444444444444
p2_seed29,data/raw/p2_seed29.jpg,VGG16,vgg16,Good,0.999997,3e-06,outputs/checkpoints/best_vgg16_lr0.0001.pth,0.0001,1xptjn7v,29,0.8444444444444444
p2_seed3,data/raw/p2_seed3.jpg,VGG16,vgg16,Good,0.984332,0.015668,outputs/checkpoints/best_vgg16_lr0.0001.pth,0.0001,1xptjn7v,29,0.8444444444444444
p2_seed4,data/raw/p2_seed4.jpg,VGG16,vgg16,Good,1.0,0.0,outputs/checkpoints/best_vgg16_lr0.0001.pth,0.0001,1xptjn7v,29,0.8444444444444444
p2_seed5,data/raw/p2_seed5.jpg,VGG16,vgg16,Good,0.999185,0.000815,outputs/checkpoints/best_vgg16_lr0.0001.pth,0.0001,1xptjn7v,29,0.8444444444444444
p2_seed6,data/raw/p2_seed6.jpg,VGG16,vgg16,Good,0.997641,0.002359,outputs/checkpoints/best_vgg16_lr0.0001.pth,0.0001,1xptjn7v,29,0.8444444444444444
p2_seed7,data/raw/p2_seed7.jpg,VGG16,vgg16,Good,0.999709,0.000291,outputs/checkpoints/best_vgg16_lr0.0001.pth,0.0001,1xptjn7v,29,0.8444444444444444
p2_seed8,data/raw/p2_seed8.jpg,VGG16,vgg16,Good,0.999993,7e-06,outputs/checkpoints/best_vgg16_lr0.0001.pth,0.0001,1xptjn7v,29,0.8444444444444444
p2_seed9,data/raw/p2_seed9.jpg,VGG16,vgg16,Good,0.999994,6e-06,outputs/checkpoints/best_vgg16_lr0.0001.pth,0.0001,1xptjn7v,29,0.8444444444444444
p3_img0,data/raw/p3_img0.png,VGG16,vgg16,Good,0.575195,0.424805,outputs/checkpoints/best_vgg16_lr0.0001.pth,0.0001,1xptjn7v,29,0.8444444444444444
p3_img1,data/raw/p3_img1.png,VGG16,vgg16,Bad,0.000342,0.999658,outputs/checkpoints/best_vgg16_lr0.0001.pth,0.0001,1xptjn7v,29,0.8444444444444444
p3_img10,data/raw/p3_img10.png,VGG16,vgg16,Good,0.993429,0.006571,outputs/checkpoints/best_vgg16_lr0.0001.pth,0.0001,1xptjn7v,29,0.8444444444444444
p3_img11,data/raw/p3_img11.png,VGG16,vgg16,Good,0.984279,0.015721,outputs/checkpoints/best_vgg16_lr0.0001.pth,0.0001,1xptjn7v,29,0.8444444444444444
p3_img12,data/raw/p3_img12.png,VGG16,vgg16,Bad,0.422536,0.577464,outputs/checkpoints/best_vgg16_lr0.0001.pth,0.0001,1xptjn7v,29,0.8444444444444444
p3_img13,data/raw/p3_img13.png,VGG16,vgg16,Good,1.0,0.0,outputs/checkpoints/best_vgg16_lr0.0001.pth,0.0001,1xptjn7v,29,0.8444444444444444
p3_img14,data/raw/p3_img14.png,VGG16,vgg16,Good,0.999759,0.000241,outputs/checkpoints/best_vgg16_lr0.0001.pth,0.0001,1xptjn7v,29,0.8444444444444444
p3_img15,data/raw/p3_img15.png,VGG16,vgg16,Good,0.999865,0.000135,outputs/checkpoints/best_vgg16_lr0.0001.pth,0.0001,1xptjn7v,29,0.8444444444444444
p3_img16,data/raw/p3_img16.png,VGG16,vgg16,Good,0.999177,0.000823,outputs/checkpoints/best_vgg16_lr0.0001.pth,0.0001,1xptjn7v,29,0.8444444444444444
p3_img17,data/raw/p3_img17.png,VGG16,vgg16,Good,0.999998,2e-06,outputs/checkpoints/best_vgg16_lr0.0001.pth,0.0001,1xptjn7v,29,0.8444444444444444
p3_img18,data/raw/p3_img18.png,VGG16,vgg16,Bad,0.499436,0.500564,outputs/checkpoints/best_vgg16_lr0.0001.pth,0.0001,1xptjn7v,29,0.8444444444444444
p3_img19,data/raw/p3_img19.png,VGG16,vgg16,Good,0.775531,0.224469,outputs/checkpoints/best_vgg16_lr0.0001.pth,0.0001,1xptjn7v,29,0.8444444444444444
p3_img2,data/raw/p3_img2.png,VGG16,vgg16,Bad,0.027916,0.972084,outputs/checkpoints/best_vgg16_lr0.0001.pth,0.0001,1xptjn7v,29,0.8444444444444444
p3_img20,data/raw/p3_img20.png,VGG16,vgg16,Bad,0.07434,0.92566,outputs/checkpoints/best_vgg16_lr0.0001.pth,0.0001,1xptjn7v,29,0.8444444444444444
p3_img21,data/raw/p3_img21.png,VGG16,vgg16,Good,0.999999,1e-06,outputs/checkpoints/best_vgg16_lr0.0001.pth,0.0001,1xptjn7v,29,0.8444444444444444
p3_img22,data/raw/p3_img22.png,VGG16,vgg16,Good,0.999999,1e-06,outputs/checkpoints/best_vgg16_lr0.0001.pth,0.0001,1xptjn7v,29,0.8444444444444444
p3_img23,data/raw/p3_img23.png,VGG16,vgg16,Good,0.999886,0.000114,outputs/checkpoints/best_vgg16_lr0.0001.pth,0.0001,1xptjn7v,29,0.8444444444444444
p3_img24,data/raw/p3_img24.png,VGG16,vgg16,Good,0.99993,7e-05,outputs/checkpoints/best_vgg16_lr0.0001.pth,0.0001,1xptjn7v,29,0.8444444444444444
p3_img25,data/raw/p3_img25.png,VGG16,vgg16,Good,0.99999,1e-05,outputs/checkpoints/best_vgg16_lr0.0001.pth,0.0001,1xptjn7v,29,0.8444444444444444
p3_img26,data/raw/p3_img26.png,VGG16,vgg16,Good,0.982153,0.017847,outputs/checkpoints/best_vgg16_lr0.0001.pth,0.0001,1xptjn7v,29,0.8444444444444444
p3_img27,data/raw/p3_img27.png,VGG16,vgg16,Good,0.648444,0.351556,outputs/checkpoints/best_vgg16_lr0.0001.pth,0.0001,1xptjn7v,29,0.8444444444444444
p3_img28,data/raw/p3_img28.png,VGG16,vgg16,Good,0.654722,0.345278,outputs/checkpoints/best_vgg16_lr0.0001.pth,0.0001,1xptjn7v,29,0.8444444444444444
p3_img29,data/raw/p3_img29.png,VGG16,vgg16,Good,0.970053,0.029947,outputs/checkpoints/best_vgg16_lr0.0001.pth,0.0001,1xptjn7v,29,0.8444444444444444
p3_img3,data/raw/p3_img3.png,VGG16,vgg16,Bad,0.364196,0.635804,outputs/checkpoints/best_vgg16_lr0.0001.pth,0.0001,1xptjn7v,29,0.8444444444444444
p3_img4,data/raw/p3_img4.png,VGG16,vgg16,Good,0.995595,0.004405,outputs/checkpoints/best_vgg16_lr0.0001.pth,0.0001,1xptjn7v,29,0.8444444444444444
p3_img5,data/raw/p3_img5.png,VGG16,vgg16,Good,0.999729,0.000271,outputs/checkpoints/best_vgg16_lr0.0001.pth,0.0001,1xptjn7v,29,0.8444444444444444
p3_img6,data/raw/p3_img6.png,VGG16,vgg16,Good,0.999983,1.7e-05,outputs/checkpoints/best_vgg16_lr0.0001.pth,0.0001,1xptjn7v,29,0.8444444444444444
p3_img7,data/raw/p3_img7.png,VGG16,vgg16,Good,0.998913,0.001087,outputs/checkpoints/best_vgg16_lr0.0001.pth,0.0001,1xptjn7v,29,0.8444444444444444
p3_img8,data/raw/p3_img8.png,VGG16,vgg16,Good,0.999959,4.1e-05,outputs/checkpoints/best_vgg16_lr0.0001.pth,0.0001,1xptjn7v,29,0.8444444444444444
p3_img9,data/raw/p3_img9.png,VGG16,vgg16,Bad,0.187204,0.812796,outputs/checkpoints/best_vgg16_lr0.0001.pth,0.0001,1xptjn7v,29,0.8444444444444444
p3_seed0,data/raw/p3_seed0.jpg,VGG16,vgg16,Bad,0.011962,0.988038,outputs/checkpoints/best_vgg16_lr0.0001.pth,0.0001,1xptjn7v,29,0.8444444444444444
p3_seed1,data/raw/p3_seed1.jpg,VGG16,vgg16,Bad,0.215398,0.784602,outputs/checkpoints/best_vgg16_lr0.0001.pth,0.0001,1xptjn7v,29,0.8444444444444444
p3_seed10,data/raw/p3_seed10.jpg,VGG16,vgg16,Good,1.0,0.0,outputs/checkpoints/best_vgg16_lr0.0001.pth,0.0001,1xptjn7v,29,0.8444444444444444
p3_seed11,data/raw/p3_seed11.jpg,VGG16,vgg16,Bad,0.059803,0.940197,outputs/checkpoints/best_vgg16_lr0.0001.pth,0.0001,1xptjn7v,29,0.8444444444444444
p3_seed12,data/raw/p3_seed12.jpg,VGG16,vgg16,Bad,6e-05,0.99994,outputs/checkpoints/best_vgg16_lr0.0001.pth,0.0001,1xptjn7v,29,0.8444444444444444
p3_seed13,data/raw/p3_seed13.jpg,VGG16,vgg16,Bad,4.2e-05,0.999958,outputs/checkpoints/best_vgg16_lr0.0001.pth,0.0001,1xptjn7v,29,0.8444444444444444
p3_seed14,data/raw/p3_seed14.jpg,VGG16,vgg16,Bad,0.036672,0.963328,outputs/checkpoints/best_vgg16_lr0.0001.pth,0.0001,1xptjn7v,29,0.8444444444444444
p3_seed15,data/raw/p3_seed15.jpg,VGG16,vgg16,Bad,0.106777,0.893223,outputs/checkpoints/best_vgg16_lr0.0001.pth,0.0001,1xptjn7v,29,0.8444444444444444
p3_seed16,data/raw/p3_seed16.jpg,VGG16,vgg16,Good,0.999985,1.5e-05,outputs/checkpoints/best_vgg16_lr0.0001.pth,0.0001,1xptjn7v,29,0.8444444444444444
p3_seed17,data/raw/p3_seed17.jpg,VGG16,vgg16,Good,0.961266,0.038734,outputs/checkpoints/best_vgg16_lr0.0001.pth,0.0001,1xptjn7v,29,0.8444444444444444
p3_seed18,data/raw/p3_seed18.jpg,VGG16,vgg16,Bad,0.006674,0.993326,outputs/checkpoints/best_vgg16_lr0.0001.pth,0.0001,1xptjn7v,29,0.8444444444444444
p3_seed19,data/raw/p3_seed19.jpg,VGG16,vgg16,Bad,0.001082,0.998918,outputs/checkpoints/best_vgg16_lr0.0001.pth,0.0001,1xptjn7v,29,0.8444444444444444
p3_seed2,data/raw/p3_seed2.jpg,VGG16,vgg16,Bad,0.000362,0.999638,outputs/checkpoints/best_vgg16_lr0.0001.pth,0.0001,1xptjn7v,29,0.8444444444444444
p3_seed20,data/raw/p3_seed20.jpg,VGG16,vgg16,Good,0.999489,0.000511,outputs/checkpoints/best_vgg16_lr0.0001.pth,0.0001,1xptjn7v,29,0.8444444444444444
p3_seed21,data/raw/p3_seed21.jpg,VGG16,vgg16,Bad,0.002112,0.997888,outputs/checkpoints/best_vgg16_lr0.0001.pth,0.0001,1xptjn7v,29,0.8444444444444444
p3_seed22,data/raw/p3_seed22.jpg,VGG16,vgg16,Bad,0.000469,0.999531,outputs/checkpoints/best_vgg16_lr0.0001.pth,0.0001,1xptjn7v,29,0.8444444444444444
p3_seed23,data/raw/p3_seed23.jpg,VGG16,vgg16,Bad,7e-05,0.99993,outputs/checkpoints/best_vgg16_lr0.0001.pth,0.0001,1xptjn7v,29,0.8444444444444444
p3_seed24,data/raw/p3_seed24.jpg,VGG16,vgg16,Bad,0.062493,0.937508,outputs/checkpoints/best_vgg16_lr0.0001.pth,0.0001,1xptjn7v,29,0.8444444444444444
p3_seed25,data/raw/p3_seed25.jpg,VGG16,vgg16,Bad,0.001026,0.998974,outputs/checkpoints/best_vgg16_lr0.0001.pth,0.0001,1xptjn7v,29,0.8444444444444444
p3_seed26,data/raw/p3_seed26.jpg,VGG16,vgg16,Bad,3e-05,0.99997,outputs/checkpoints/best_vgg16_lr0.0001.pth,0.0001,1xptjn7v,29,0.8444444444444444
p3_seed27,data/raw/p3_seed27.jpg,VGG16,vgg16,Bad,0.008714,0.991286,outputs/checkpoints/best_vgg16_lr0.0001.pth,0.0001,1xptjn7v,29,0.8444444444444444
p3_seed28,data/raw/p3_seed28.jpg,VGG16,vgg16,Good,0.991193,0.008807,outputs/checkpoints/best_vgg16_lr0.0001.pth,0.0001,1xptjn7v,29,0.8444444444444444
p3_seed29,data/raw/p3_seed29.jpg,VGG16,vgg16,Bad,0.009789,0.990211,outputs/checkpoints/best_vgg16_lr0.0001.pth,0.0001,1xptjn7v,29,0.8444444444444444
p3_seed3,data/raw/p3_seed3.jpg,VGG16,vgg16,Bad,0.029473,0.970527,outputs/checkpoints/best_vgg16_lr0.0001.pth,0.0001,1xptjn7v,29,0.8444444444444444
p3_seed4,data/raw/p3_seed4.jpg,VGG16,vgg16,Good,0.999976,2.4e-05,outputs/checkpoints/best_vgg16_lr0.0001.pth,0.0001,1xptjn7v,29,0.8444444444444444
p3_seed5,data/raw/p3_seed5.jpg,VGG16,vgg16,Bad,0.004336,0.995664,outputs/checkpoints/best_vgg16_lr0.0001.pth,0.0001,1xptjn7v,29,0.8444444444444444
p3_seed6,data/raw/p3_seed6.jpg,VGG16,vgg16,Bad,0.000211,0.999789,outputs/checkpoints/best_vgg16_lr0.0001.pth,0.0001,1xptjn7v,29,0.8444444444444444
p3_seed7,data/raw/p3_seed7.jpg,VGG16,vgg16,Bad,0.008035,0.991965,outputs/checkpoints/best_vgg16_lr0.0001.pth,0.0001,1xptjn7v,29,0.8444444444444444
p3_seed8,data/raw/p3_seed8.jpg,VGG16,vgg16,Bad,0.010868,0.989132,outputs/checkpoints/best_vgg16_lr0.0001.pth,0.0001,1xptjn7v,29,0.8444444444444444
p3_seed9,data/raw/p3_seed9.jpg,VGG16,vgg16,Good,0.689992,0.310008,outputs/checkpoints/best_vgg16_lr0.0001.pth,0.0001,1xptjn7v,29,0.8444444444444444
p4_img0,data/raw/p4_img0.png,VGG16,vgg16,Good,1.0,0.0,outputs/checkpoints/best_vgg16_lr0.0001.pth,0.0001,1xptjn7v,29,0.8444444444444444
p4_img1,data/raw/p4_img1.png,VGG16,vgg16,Good,0.999995,5e-06,outputs/checkpoints/best_vgg16_lr0.0001.pth,0.0001,1xptjn7v,29,0.8444444444444444
p4_img10,data/raw/p4_img10.png,VGG16,vgg16,Good,1.0,0.0,outputs/checkpoints/best_vgg16_lr0.0001.pth,0.0001,1xptjn7v,29,0.8444444444444444
p4_img11,data/raw/p4_img11.png,VGG16,vgg16,Good,1.0,0.0,outputs/checkpoints/best_vgg16_lr0.0001.pth,0.0001,1xptjn7v,29,0.8444444444444444
p4_img12,data/raw/p4_img12.png,VGG16,vgg16,Good,1.0,0.0,outputs/checkpoints/best_vgg16_lr0.0001.pth,0.0001,1xptjn7v,29,0.8444444444444444
p4_img13,data/raw/p4_img13.png,VGG16,vgg16,Good,1.0,0.0,outputs/checkpoints/best_vgg16_lr0.0001.pth,0.0001,1xptjn7v,29,0.8444444444444444
p4_img14,data/raw/p4_img14.png,VGG16,vgg16,Good,1.0,0.0,outputs/checkpoints/best_vgg16_lr0.0001.pth,0.0001,1xptjn7v,29,0.8444444444444444
p4_img15,data/raw/p4_img15.png,VGG16,vgg16,Good,1.0,0.0,outputs/checkpoints/best_vgg16_lr0.0001.pth,0.0001,1xptjn7v,29,0.8444444444444444
p4_img16,data/raw/p4_img16.png,VGG16,vgg16,Good,1.0,0.0,outputs/checkpoints/best_vgg16_lr0.0001.pth,0.0001,1xptjn7v,29,0.8444444444444444
p4_img17,data/raw/p4_img17.png,VGG16,vgg16,Good,1.0,0.0,outputs/checkpoints/best_vgg16_lr0.0001.pth,0.0001,1xptjn7v,29,0.8444444444444444
p4_img18,data/raw/p4_img18.png,VGG16,vgg16,Good,0.999995,5e-06,outputs/checkpoints/best_vgg16_lr0.0001.pth,0.0001,1xptjn7v,29,0.8444444444444444
p4_img19,data/raw/p4_img19.png,VGG16,vgg16,Good,0.999999,1e-06,outputs/checkpoints/best_vgg16_lr0.0001.pth,0.0001,1xptjn7v,29,0.8444444444444444
p4_img2,data/raw/p4_img2.png,VGG16,vgg16,Good,1.0,0.0,outputs/checkpoints/best_vgg16_lr0.0001.pth,0.0001,1xptjn7v,29,0.8444444444444444
p4_img20,data/raw/p4_img20.png,VGG16,vgg16,Good,0.999971,2.9e-05,outputs/checkpoints/best_vgg16_lr0.0001.pth,0.0001,1xptjn7v,29,0.8444444444444444
p4_img21,data/raw/p4_img21.png,VGG16,vgg16,Good,0.999989,1.1e-05,outputs/checkpoints/best_vgg16_lr0.0001.pth,0.0001,1xptjn7v,29,0.8444444444444444
p4_img22,data/raw/p4_img22.png,VGG16,vgg16,Good,0.999999,1e-06,outputs/checkpoints/best_vgg16_lr0.0001.pth,0.0001,1xptjn7v,29,0.8444444444444444
p4_img23,data/raw/p4_img23.png,VGG16,vgg16,Good,0.999998,2e-06,outputs/checkpoints/best_vgg16_lr0.0001.pth,0.0001,1xptjn7v,29,0.8444444444444444
p4_img24,data/raw/p4_img24.png,VGG16,vgg16,Good,1.0,0.0,outputs/checkpoints/best_vgg16_lr0.0001.pth,0.0001,1xptjn7v,29,0.8444444444444444
p4_img25,data/raw/p4_img25.png,VGG16,vgg16,Good,1.0,0.0,outputs/checkpoints/best_vgg16_lr0.0001.pth,0.0001,1xptjn7v,29,0.8444444444444444
p4_img26,data/raw/p4_img26.png,VGG16,vgg16,Good,0.999933,6.7e-05,outputs/checkpoints/best_vgg16_lr0.0001.pth,0.0001,1xptjn7v,29,0.8444444444444444
p4_img27,data/raw/p4_img27.png,VGG16,vgg16,Good,1.0,0.0,outputs/checkpoints/best_vgg16_lr0.0001.pth,0.0001,1xptjn7v,29,0.8444444444444444
p4_img28,data/raw/p4_img28.png,VGG16,vgg16,Good,0.999998,2e-06,outputs/checkpoints/best_vgg16_lr0.0001.pth,0.0001,1xptjn7v,29,0.8444444444444444
p4_img29,data/raw/p4_img29.png,VGG16,vgg16,Good,0.999986,1.4e-05,outputs/checkpoints/best_vgg16_lr0.0001.pth,0.0001,1xptjn7v,29,0.8444444444444444
p4_img3,data/raw/p4_img3.png,VGG16,vgg16,Good,0.999784,0.000216,outputs/checkpoints/best_vgg16_lr0.0001.pth,0.0001,1xptjn7v,29,0.8444444444444444
p4_img4,data/raw/p4_img4.png,VGG16,vgg16,Good,0.999643,0.000357,outputs/checkpoints/best_vgg16_lr0.0001.pth,0.0001,1xptjn7v,29,0.8444444444444444
p4_img5,data/raw/p4_img5.png,VGG16,vgg16,Good,0.99845,0.00155,outputs/checkpoints/best_vgg16_lr0.0001.pth,0.0001,1xptjn7v,29,0.8444444444444444
p4_img6,data/raw/p4_img6.png,VGG16,vgg16,Good,0.999991,9e-06,outputs/checkpoints/best_vgg16_lr0.0001.pth,0.0001,1xptjn7v,29,0.8444444444444444
p4_img7,data/raw/p4_img7.png,VGG16,vgg16,Good,1.0,0.0,outputs/checkpoints/best_vgg16_lr0.0001.pth,0.0001,1xptjn7v,29,0.8444444444444444
p4_img8,data/raw/p4_img8.png,VGG16,vgg16,Good,1.0,0.0,outputs/checkpoints/best_vgg16_lr0.0001.pth,0.0001,1xptjn7v,29,0.8444444444444444
p4_img9,data/raw/p4_img9.png,VGG16,vgg16,Good,0.999938,6.2e-05,outputs/checkpoints/best_vgg16_lr0.0001.pth,0.0001,1xptjn7v,29,0.8444444444444444
p4_seed0,data/raw/p4_seed0.jpg,VGG16,vgg16,Good,0.989539,0.010461,outputs/checkpoints/best_vgg16_lr0.0001.pth,0.0001,1xptjn7v,29,0.8444444444444444
p4_seed1,data/raw/p4_seed1.jpg,VGG16,vgg16,Good,0.999805,0.000195,outputs/checkpoints/best_vgg16_lr0.0001.pth,0.0001,1xptjn7v,29,0.8444444444444444
p4_seed10,data/raw/p4_seed10.jpg,VGG16,vgg16,Good,0.999952,4.8e-05,outputs/checkpoints/best_vgg16_lr0.0001.pth,0.0001,1xptjn7v,29,0.8444444444444444
p4_seed11,data/raw/p4_seed11.jpg,VGG16,vgg16,Good,0.99985,0.00015,outputs/checkpoints/best_vgg16_lr0.0001.pth,0.0001,1xptjn7v,29,0.8444444444444444
p4_seed12,data/raw/p4_seed12.jpg,VGG16,vgg16,Good,0.998275,0.001725,outputs/checkpoints/best_vgg16_lr0.0001.pth,0.0001,1xptjn7v,29,0.8444444444444444
p4_seed13,data/raw/p4_seed13.jpg,VGG16,vgg16,Good,0.999916,8.4e-05,outputs/checkpoints/best_vgg16_lr0.0001.pth,0.0001,1xptjn7v,29,0.8444444444444444
p4_seed14,data/raw/p4_seed14.jpg,VGG16,vgg16,Good,0.982822,0.017178,outputs/checkpoints/best_vgg16_lr0.0001.pth,0.0001,1xptjn7v,29,0.8444444444444444
p4_seed15,data/raw/p4_seed15.jpg,VGG16,vgg16,Bad,0.00165,0.99835,outputs/checkpoints/best_vgg16_lr0.0001.pth,0.0001,1xptjn7v,29,0.8444444444444444
p4_seed16,data/raw/p4_seed16.jpg,VGG16,vgg16,Good,0.999978,2.2e-05,outputs/checkpoints/best_vgg16_lr0.0001.pth,0.0001,1xptjn7v,29,0.8444444444444444
p4_seed17,data/raw/p4_seed17.jpg,VGG16,vgg16,Bad,0.016097,0.983903,outputs/checkpoints/best_vgg16_lr0.0001.pth,0.0001,1xptjn7v,29,0.8444444444444444
p4_seed18,data/raw/p4_seed18.jpg,VGG16,vgg16,Good,0.999998,2e-06,outputs/checkpoints/best_vgg16_lr0.0001.pth,0.0001,1xptjn7v,29,0.8444444444444444
p4_seed19,data/raw/p4_seed19.jpg,VGG16,vgg16,Good,0.999996,4e-06,outputs/checkpoints/best_vgg16_lr0.0001.pth,0.0001,1xptjn7v,29,0.8444444444444444
p4_seed2,data/raw/p4_seed2.jpg,VGG16,vgg16,Good,0.999997,3e-06,outputs/checkpoints/best_vgg16_lr0.0001.pth,0.0001,1xptjn7v,29,0.8444444444444444
p4_seed20,data/raw/p4_seed20.jpg,VGG16,vgg16,Good,0.999995,5e-06,outputs/checkpoints/best_vgg16_lr0.0001.pth,0.0001,1xptjn7v,29,0.8444444444444444
p4_seed21,data/raw/p4_seed21.jpg,VGG16,vgg16,Bad,0.001358,0.998642,outputs/checkpoints/best_vgg16_lr0.0001.pth,0.0001,1xptjn7v,29,0.8444444444444444
p4_seed22,data/raw/p4_seed22.jpg,VGG16,vgg16,Good,0.973682,0.026318,outputs/checkpoints/best_vgg16_lr0.0001.pth,0.0001,1xptjn7v,29,0.8444444444444444
p4_seed23,data/raw/p4_seed23.jpg,VGG16,vgg16,Good,0.999994,6e-06,outputs/checkpoints/best_vgg16_lr0.0001.pth,0.0001,1xptjn7v,29,0.8444444444444444
p4_seed24,data/raw/p4_seed24.jpg,VGG16,vgg16,Good,0.999986,1.4e-05,outputs/checkpoints/best_vgg16_lr0.0001.pth,0.0001,1xptjn7v,29,0.8444444444444444
p4_seed25,data/raw/p4_seed25.jpg,VGG16,vgg16,Bad,0.005216,0.994784,outputs/checkpoints/best_vgg16_lr0.0001.pth,0.0001,1xptjn7v,29,0.8444444444444444
p4_seed26,data/raw/p4_seed26.jpg,VGG16,vgg16,Good,0.985045,0.014955,outputs/checkpoints/best_vgg16_lr0.0001.pth,0.0001,1xptjn7v,29,0.8444444444444444
p4_seed27,data/raw/p4_seed27.jpg,VGG16,vgg16,Good,0.999988,1.2e-05,outputs/checkpoints/best_vgg16_lr0.0001.pth,0.0001,1xptjn7v,29,0.8444444444444444
p4_seed28,data/raw/p4_seed28.jpg,VGG16,vgg16,Good,0.999869,0.00013,outputs/checkpoints/best_vgg16_lr0.0001.pth,0.0001,1xptjn7v,29,0.8444444444444444
p4_seed29,data/raw/p4_seed29.jpg,VGG16,vgg16,Good,0.999569,0.000431,outputs/checkpoints/best_vgg16_lr0.0001.pth,0.0001,1xptjn7v,29,0.8444444444444444
p4_seed3,data/raw/p4_seed3.jpg,VGG16,vgg16,Good,0.932166,0.067834,outputs/checkpoints/best_vgg16_lr0.0001.pth,0.0001,1xptjn7v,29,0.8444444444444444
p4_seed4,data/raw/p4_seed4.jpg,VGG16,vgg16,Good,1.0,0.0,outputs/checkpoints/best_vgg16_lr0.0001.pth,0.0001,1xptjn7v,29,0.8444444444444444
p4_seed5,data/raw/p4_seed5.jpg,VGG16,vgg16,Good,0.999526,0.000474,outputs/checkpoints/best_vgg16_lr0.0001.pth,0.0001,1xptjn7v,29,0.8444444444444444
p4_seed6,data/raw/p4_seed6.jpg,VGG16,vgg16,Good,0.999868,0.000132,outputs/checkpoints/best_vgg16_lr0.0001.pth,0.0001,1xptjn7v,29,0.8444444444444444
p4_seed7,data/raw/p4_seed7.jpg,VGG16,vgg16,Good,0.998989,0.001011,outputs/checkpoints/best_vgg16_lr0.0001.pth,0.0001,1xptjn7v,29,0.8444444444444444
p4_seed8,data/raw/p4_seed8.jpg,VGG16,vgg16,Bad,0.445755,0.554245,outputs/checkpoints/best_vgg16_lr0.0001.pth,0.0001,1xptjn7v,29,0.8444444444444444
p4_seed9,data/raw/p4_seed9.jpg,VGG16,vgg16,Good,0.999904,9.6e-05,outputs/checkpoints/best_vgg16_lr0.0001.pth,0.0001,1xptjn7v,29,0.8444444444444444
p5_img0,data/raw/p5_img0.png,VGG16,vgg16,Bad,0.027689,0.972311,outputs/checkpoints/best_vgg16_lr0.0001.pth,0.0001,1xptjn7v,29,0.8444444444444444
p5_img1,data/raw/p5_img1.png,VGG16,vgg16,Bad,1e-06,0.999998,outputs/checkpoints/best_vgg16_lr0.0001.pth,0.0001,1xptjn7v,29,0.8444444444444444
p5_img10,data/raw/p5_img10.png,VGG16,vgg16,Bad,0.029764,0.970236,outputs/checkpoints/best_vgg16_lr0.0001.pth,0.0001,1xptjn7v,29,0.8444444444444444
p5_img11,data/raw/p5_img11.png,VGG16,vgg16,Bad,0.013063,0.986937,outputs/checkpoints/best_vgg16_lr0.0001.pth,0.0001,1xptjn7v,29,0.8444444444444444
p5_img12,data/raw/p5_img12.png,VGG16,vgg16,Bad,0.040988,0.959012,outputs/checkpoints/best_vgg16_lr0.0001.pth,0.0001,1xptjn7v,29,0.8444444444444444
p5_img13,data/raw/p5_img13.png,VGG16,vgg16,Bad,0.248204,0.751796,outputs/checkpoints/best_vgg16_lr0.0001.pth,0.0001,1xptjn7v,29,0.8444444444444444
p5_img14,data/raw/p5_img14.png,VGG16,vgg16,Bad,0.166701,0.833299,outputs/checkpoints/best_vgg16_lr0.0001.pth,0.0001,1xptjn7v,29,0.8444444444444444
p5_img15,data/raw/p5_img15.png,VGG16,vgg16,Bad,0.002322,0.997678,outputs/checkpoints/best_vgg16_lr0.0001.pth,0.0001,1xptjn7v,29,0.8444444444444444
p5_img16,data/raw/p5_img16.png,VGG16,vgg16,Good,0.973512,0.026488,outputs/checkpoints/best_vgg16_lr0.0001.pth,0.0001,1xptjn7v,29,0.8444444444444444
p5_img17,data/raw/p5_img17.png,VGG16,vgg16,Bad,0.020634,0.979366,outputs/checkpoints/best_vgg16_lr0.0001.pth,0.0001,1xptjn7v,29,0.8444444444444444
p5_img18,data/raw/p5_img18.png,VGG16,vgg16,Bad,0.028886,0.971114,outputs/checkpoints/best_vgg16_lr0.0001.pth,0.0001,1xptjn7v,29,0.8444444444444444
p5_img19,data/raw/p5_img19.png,VGG16,vgg16,Good,0.844215,0.155785,outputs/checkpoints/best_vgg16_lr0.0001.pth,0.0001,1xptjn7v,29,0.8444444444444444
p5_img2,data/raw/p5_img2.png,VGG16,vgg16,Bad,0.113764,0.886236,outputs/checkpoints/best_vgg16_lr0.0001.pth,0.0001,1xptjn7v,29,0.8444444444444444
p5_img20,data/raw/p5_img20.png,VGG16,vgg16,Bad,0.293725,0.706276,outputs/checkpoints/best_vgg16_lr0.0001.pth,0.0001,1xptjn7v,29,0.8444444444444444
p5_img21,data/raw/p5_img21.png,VGG16,vgg16,Bad,0.025579,0.974421,outputs/checkpoints/best_vgg16_lr0.0001.pth,0.0001,1xptjn7v,29,0.8444444444444444
p5_img22,data/raw/p5_img22.png,VGG16,vgg16,Bad,0.005561,0.994439,outputs/checkpoints/best_vgg16_lr0.0001.pth,0.0001,1xptjn7v,29,0.8444444444444444
p5_img23,data/raw/p5_img23.png,VGG16,vgg16,Bad,0.002089,0.997911,outputs/checkpoints/best_vgg16_lr0.0001.pth,0.0001,1xptjn7v,29,0.8444444444444444
p5_img24,data/raw/p5_img24.png,VGG16,vgg16,Good,0.958902,0.041098,outputs/checkpoints/best_vgg16_lr0.0001.pth,0.0001,1xptjn7v,29,0.8444444444444444
p5_img25,data/raw/p5_img25.png,VGG16,vgg16,Bad,0.00185,0.99815,outputs/checkpoints/best_vgg16_lr0.0001.pth,0.0001,1xptjn7v,29,0.8444444444444444
p5_img26,data/raw/p5_img26.png,VGG16,vgg16,Bad,0.202405,0.797595,outputs/checkpoints/best_vgg16_lr0.0001.pth,0.0001,1xptjn7v,29,0.8444444444444444
p5_img27,data/raw/p5_img27.png,VGG16,vgg16,Bad,0.015685,0.984315,outputs/checkpoints/best_vgg16_lr0.0001.pth,0.0001,1xptjn7v,29,0.8444444444444444
p5_img28,data/raw/p5_img28.png,VGG16,vgg16,Bad,0.001873,0.998127,outputs/checkpoints/best_vgg16_lr0.0001.pth,0.0001,1xptjn7v,29,0.8444444444444444
p5_img29,data/raw/p5_img29.png,VGG16,vgg16,Good,0.66527,0.33473,outputs/checkpoints/best_vgg16_lr0.0001.pth,0.0001,1xptjn7v,29,0.8444444444444444
p5_img3,data/raw/p5_img3.png,VGG16,vgg16,Bad,0.005887,0.994113,outputs/checkpoints/best_vgg16_lr0.0001.pth,0.0001,1xptjn7v,29,0.8444444444444444
p5_img4,data/raw/p5_img4.png,VGG16,vgg16,Bad,0.030086,0.969914,outputs/checkpoints/best_vgg16_lr0.0001.pth,0.0001,1xptjn7v,29,0.8444444444444444
p5_img5,data/raw/p5_img5.png,VGG16,vgg16,Bad,0.025204,0.974796,outputs/checkpoints/best_vgg16_lr0.0001.pth,0.0001,1xptjn7v,29,0.8444444444444444
p5_img6,data/raw/p5_img6.png,VGG16,vgg16,Bad,0.001195,0.998805,outputs/checkpoints/best_vgg16_lr0.0001.pth,0.0001,1xptjn7v,29,0.8444444444444444
p5_img7,data/raw/p5_img7.png,VGG16,vgg16,Bad,0.015426,0.984574,outputs/checkpoints/best_vgg16_lr0.0001.pth,0.0001,1xptjn7v,29,0.8444444444444444
p5_img8,data/raw/p5_img8.png,VGG16,vgg16,Good,0.923537,0.076463,outputs/checkpoints/best_vgg16_lr0.0001.pth,0.0001,1xptjn7v,29,0.8444444444444444
p5_img9,data/raw/p5_img9.png,VGG16,vgg16,Bad,0.014504,0.985496,outputs/checkpoints/best_vgg16_lr0.0001.pth,0.0001,1xptjn7v,29,0.8444444444444444
p5_seed0,data/raw/p5_seed0.jpg,VGG16,vgg16,Good,0.996269,0.003731,outputs/checkpoints/best_vgg16_lr0.0001.pth,0.0001,1xptjn7v,29,0.8444444444444444
p5_seed1,data/raw/p5_seed1.jpg,VGG16,vgg16,Good,0.999997,3e-06,outputs/checkpoints/best_vgg16_lr0.0001.pth,0.0001,1xptjn7v,29,0.8444444444444444
p5_seed10,data/raw/p5_seed10.jpg,VGG16,vgg16,Bad,0.033963,0.966037,outputs/checkpoints/best_vgg16_lr0.0001.pth,0.0001,1xptjn7v,29,0.8444444444444444
p5_seed11,data/raw/p5_seed11.jpg,VGG16,vgg16,Good,0.943001,0.056999,outputs/checkpoints/best_vgg16_lr0.0001.pth,0.0001,1xptjn7v,29,0.8444444444444444
p5_seed12,data/raw/p5_seed12.jpg,VGG16,vgg16,Bad,0.192076,0.807924,outputs/checkpoints/best_vgg16_lr0.0001.pth,0.0001,1xptjn7v,29,0.8444444444444444
p5_seed13,data/raw/p5_seed13.jpg,VGG16,vgg16,Good,0.531781,0.468219,outputs/checkpoints/best_vgg16_lr0.0001.pth,0.0001,1xptjn7v,29,0.8444444444444444
p5_seed14,data/raw/p5_seed14.jpg,VGG16,vgg16,Bad,0.41432,0.58568,outputs/checkpoints/best_vgg16_lr0.0001.pth,0.0001,1xptjn7v,29,0.8444444444444444
p5_seed15,data/raw/p5_seed15.jpg,VGG16,vgg16,Good,0.850172,0.149828,outputs/checkpoints/best_vgg16_lr0.0001.pth,0.0001,1xptjn7v,29,0.8444444444444444
p5_seed16,data/raw/p5_seed16.jpg,VGG16,vgg16,Good,0.989558,0.010442,outputs/checkpoints/best_vgg16_lr0.0001.pth,0.0001,1xptjn7v,29,0.8444444444444444
p5_seed17,data/raw/p5_seed17.jpg,VGG16,vgg16,Bad,0.0,1.0,outputs/checkpoints/best_vgg16_lr0.0001.pth,0.0001,1xptjn7v,29,0.8444444444444444
p5_seed18,data/raw/p5_seed18.jpg,VGG16,vgg16,Bad,0.019641,0.980359,outputs/checkpoints/best_vgg16_lr0.0001.pth,0.0001,1xptjn7v,29,0.8444444444444444
p5_seed19,data/raw/p5_seed19.jpg,VGG16,vgg16,Bad,0.000573,0.999427,outputs/checkpoints/best_vgg16_lr0.0001.pth,0.0001,1xptjn7v,29,0.8444444444444444
p5_seed2,data/raw/p5_seed2.jpg,VGG16,vgg16,Good,0.999962,3.8e-05,outputs/checkpoints/best_vgg16_lr0.0001.pth,0.0001,1xptjn7v,29,0.8444444444444444
p5_seed20,data/raw/p5_seed20.jpg,VGG16,vgg16,Good,0.999984,1.6e-05,outputs/checkpoints/best_vgg16_lr0.0001.pth,0.0001,1xptjn7v,29,0.8444444444444444
p5_seed21,data/raw/p5_seed21.jpg,VGG16,vgg16,Good,0.867331,0.132669,outputs/checkpoints/best_vgg16_lr0.0001.pth,0.0001,1xptjn7v,29,0.8444444444444444
p5_seed22,data/raw/p5_seed22.jpg,VGG16,vgg16,Good,1.0,0.0,outputs/checkpoints/best_vgg16_lr0.0001.pth,0.0001,1xptjn7v,29,0.8444444444444444
p5_seed23,data/raw/p5_seed23.jpg,VGG16,vgg16,Good,0.999854,0.000146,outputs/checkpoints/best_vgg16_lr0.0001.pth,0.0001,1xptjn7v,29,0.8444444444444444
p5_seed24,data/raw/p5_seed24.jpg,VGG16,vgg16,Good,0.578948,0.421052,outputs/checkpoints/best_vgg16_lr0.0001.pth,0.0001,1xptjn7v,29,0.8444444444444444
p5_seed25,data/raw/p5_seed25.jpg,VGG16,vgg16,Good,0.999979,2.1e-05,outputs/checkpoints/best_vgg16_lr0.0001.pth,0.0001,1xptjn7v,29,0.8444444444444444
p5_seed26,data/raw/p5_seed26.jpg,VGG16,vgg16,Good,0.999275,0.000725,outputs/checkpoints/best_vgg16_lr0.0001.pth,0.0001,1xptjn7v,29,0.8444444444444444
p5_seed27,data/raw/p5_seed27.jpg,VGG16,vgg16,Good,0.963868,0.036132,outputs/checkpoints/best_vgg16_lr0.0001.pth,0.0001,1xptjn7v,29,0.8444444444444444
p5_seed28,data/raw/p5_seed28.jpg,VGG16,vgg16,Good,1.0,0.0,outputs/checkpoints/best_vgg16_lr0.0001.pth,0.0001,1xptjn7v,29,0.8444444444444444
p5_seed29,data/raw/p5_seed29.jpg,VGG16,vgg16,Good,0.999827,0.000173,outputs/checkpoints/best_vgg16_lr0.0001.pth,0.0001,1xptjn7v,29,0.8444444444444444
p5_seed3,data/raw/p5_seed3.jpg,VGG16,vgg16,Bad,2e-06,0.999998,outputs/checkpoints/best_vgg16_lr0.0001.pth,0.0001,1xptjn7v,29,0.8444444444444444
p5_seed4,data/raw/p5_seed4.jpg,VGG16,vgg16,Good,0.99951,0.00049,outputs/checkpoints/best_vgg16_lr0.0001.pth,0.0001,1xptjn7v,29,0.8444444444444444
p5_seed5,data/raw/p5_seed5.jpg,VGG16,vgg16,Good,0.865181,0.134819,outputs/checkpoints/best_vgg16_lr0.0001.pth,0.0001,1xptjn7v,29,0.8444444444444444
p5_seed6,data/raw/p5_seed6.jpg,VGG16,vgg16,Good,0.942171,0.057829,outputs/checkpoints/best_vgg16_lr0.0001.pth,0.0001,1xptjn7v,29,0.8444444444444444
p5_seed7,data/raw/p5_seed7.jpg,VGG16,vgg16,Good,0.999999,1e-06,outputs/checkpoints/best_vgg16_lr0.0001.pth,0.0001,1xptjn7v,29,0.8444444444444444
p5_seed8,data/raw/p5_seed8.jpg,VGG16,vgg16,Bad,0.033413,0.966587,outputs/checkpoints/best_vgg16_lr0.0001.pth,0.0001,1xptjn7v,29,0.8444444444444444
p5_seed9,data/raw/p5_seed9.jpg,VGG16,vgg16,Good,0.999937,6.3e-05,outputs/checkpoints/best_vgg16_lr0.0001.pth,0.0001,1xptjn7v,29,0.8444444444444444
p6_img0,data/raw/p6_img0.png,VGG16,vgg16,Bad,0.008263,0.991737,outputs/checkpoints/best_vgg16_lr0.0001.pth,0.0001,1xptjn7v,29,0.8444444444444444
p6_img1,data/raw/p6_img1.png,VGG16,vgg16,Good,0.773378,0.226622,outputs/checkpoints/best_vgg16_lr0.0001.pth,0.0001,1xptjn7v,29,0.8444444444444444
p6_img10,data/raw/p6_img10.png,VGG16,vgg16,Bad,0.006968,0.993032,outputs/checkpoints/best_vgg16_lr0.0001.pth,0.0001,1xptjn7v,29,0.8444444444444444
p6_img11,data/raw/p6_img11.png,VGG16,vgg16,Bad,0.10029,0.89971,outputs/checkpoints/best_vgg16_lr0.0001.pth,0.0001,1xptjn7v,29,0.8444444444444444
p6_img12,data/raw/p6_img12.png,VGG16,vgg16,Bad,0.022995,0.977005,outputs/checkpoints/best_vgg16_lr0.0001.pth,0.0001,1xptjn7v,29,0.8444444444444444
p6_img13,data/raw/p6_img13.png,VGG16,vgg16,Bad,0.060931,0.939069,outputs/checkpoints/best_vgg16_lr0.0001.pth,0.0001,1xptjn7v,29,0.8444444444444444
p6_img14,data/raw/p6_img14.png,VGG16,vgg16,Bad,0.141954,0.858046,outputs/checkpoints/best_vgg16_lr0.0001.pth,0.0001,1xptjn7v,29,0.8444444444444444
p6_img15,data/raw/p6_img15.png,VGG16,vgg16,Bad,0.268634,0.731366,outputs/checkpoints/best_vgg16_lr0.0001.pth,0.0001,1xptjn7v,29,0.8444444444444444
p6_img16,data/raw/p6_img16.png,VGG16,vgg16,Bad,0.282219,0.717781,outputs/checkpoints/best_vgg16_lr0.0001.pth,0.0001,1xptjn7v,29,0.8444444444444444
p6_img17,data/raw/p6_img17.png,VGG16,vgg16,Bad,0.018624,0.981376,outputs/checkpoints/best_vgg16_lr0.0001.pth,0.0001,1xptjn7v,29,0.8444444444444444
p6_img18,data/raw/p6_img18.png,VGG16,vgg16,Bad,0.188884,0.811116,outputs/checkpoints/best_vgg16_lr0.0001.pth,0.0001,1xptjn7v,29,0.8444444444444444
p6_img19,data/raw/p6_img19.png,VGG16,vgg16,Bad,0.060047,0.939953,outputs/checkpoints/best_vgg16_lr0.0001.pth,0.0001,1xptjn7v,29,0.8444444444444444
p6_img2,data/raw/p6_img2.png,VGG16,vgg16,Bad,0.00211,0.99789,outputs/checkpoints/best_vgg16_lr0.0001.pth,0.0001,1xptjn7v,29,0.8444444444444444
p6_img20,data/raw/p6_img20.png,VGG16,vgg16,Bad,0.069176,0.930824,outputs/checkpoints/best_vgg16_lr0.0001.pth,0.0001,1xptjn7v,29,0.8444444444444444
p6_img21,data/raw/p6_img21.png,VGG16,vgg16,Good,0.999789,0.000211,outputs/checkpoints/best_vgg16_lr0.0001.pth,0.0001,1xptjn7v,29,0.8444444444444444
p6_img22,data/raw/p6_img22.png,VGG16,vgg16,Bad,0.053204,0.946796,outputs/checkpoints/best_vgg16_lr0.0001.pth,0.0001,1xptjn7v,29,0.8444444444444444
p6_img23,data/raw/p6_img23.png,VGG16,vgg16,Bad,0.010779,0.989221,outputs/checkpoints/best_vgg16_lr0.0001.pth,0.0001,1xptjn7v,29,0.8444444444444444
p6_img24,data/raw/p6_img24.png,VGG16,vgg16,Bad,0.070319,0.929681,outputs/checkpoints/best_vgg16_lr0.0001.pth,0.0001,1xptjn7v,29,0.8444444444444444
p6_img25,data/raw/p6_img25.png,VGG16,vgg16,Bad,0.013237,0.986763,outputs/checkpoints/best_vgg16_lr0.0001.pth,0.0001,1xptjn7v,29,0.8444444444444444
p6_img26,data/raw/p6_img26.png,VGG16,vgg16,Bad,0.012442,0.987558,outputs/checkpoints/best_vgg16_lr0.0001.pth,0.0001,1xptjn7v,29,0.8444444444444444
p6_img27,data/raw/p6_img27.png,VGG16,vgg16,Bad,0.231655,0.768345,outputs/checkpoints/best_vgg16_lr0.0001.pth,0.0001,1xptjn7v,29,0.8444444444444444
p6_img28,data/raw/p6_img28.png,VGG16,vgg16,Bad,0.079063,0.920937,outputs/checkpoints/best_vgg16_lr0.0001.pth,0.0001,1xptjn7v,29,0.8444444444444444
p6_img29,data/raw/p6_img29.png,VGG16,vgg16,Bad,0.029448,0.970552,outputs/checkpoints/best_vgg16_lr0.0001.pth,0.0001,1xptjn7v,29,0.8444444444444444
p6_img3,data/raw/p6_img3.png,VGG16,vgg16,Bad,0.007354,0.992646,outputs/checkpoints/best_vgg16_lr0.0001.pth,0.0001,1xptjn7v,29,0.8444444444444444
p6_img4,data/raw/p6_img4.png,VGG16,vgg16,Bad,0.034048,0.965952,outputs/checkpoints/best_vgg16_lr0.0001.pth,0.0001,1xptjn7v,29,0.8444444444444444
p6_img5,data/raw/p6_img5.png,VGG16,vgg16,Bad,0.003838,0.996162,outputs/checkpoints/best_vgg16_lr0.0001.pth,0.0001,1xptjn7v,29,0.8444444444444444
p6_img6,data/raw/p6_img6.png,VGG16,vgg16,Bad,0.014902,0.985098,outputs/checkpoints/best_vgg16_lr0.0001.pth,0.0001,1xptjn7v,29,0.8444444444444444
p6_img7,data/raw/p6_img7.png,VGG16,vgg16,Bad,0.026041,0.973959,outputs/checkpoints/best_vgg16_lr0.0001.pth,0.0001,1xptjn7v,29,0.8444444444444444
p6_img8,data/raw/p6_img8.png,VGG16,vgg16,Good,0.993286,0.006714,outputs/checkpoints/best_vgg16_lr0.0001.pth,0.0001,1xptjn7v,29,0.8444444444444444
p6_img9,data/raw/p6_img9.png,VGG16,vgg16,Bad,0.001823,0.998177,outputs/checkpoints/best_vgg16_lr0.0001.pth,0.0001,1xptjn7v,29,0.8444444444444444
p6_seed0,data/raw/p6_seed0.jpg,VGG16,vgg16,Bad,0.12284,0.87716,outputs/checkpoints/best_vgg16_lr0.0001.pth,0.0001,1xptjn7v,29,0.8444444444444444
p6_seed1,data/raw/p6_seed1.jpg,VGG16,vgg16,Good,0.989668,0.010332,outputs/checkpoints/best_vgg16_lr0.0001.pth,0.0001,1xptjn7v,29,0.8444444444444444
p6_seed10,data/raw/p6_seed10.jpg,VGG16,vgg16,Good,0.928081,0.071919,outputs/checkpoints/best_vgg16_lr0.0001.pth,0.0001,1xptjn7v,29,0.8444444444444444
p6_seed11,data/raw/p6_seed11.jpg,VGG16,vgg16,Good,0.950183,0.049817,outputs/checkpoints/best_vgg16_lr0.0001.pth,0.0001,1xptjn7v,29,0.8444444444444444
p6_seed12,data/raw/p6_seed12.jpg,VGG16,vgg16,Good,0.9663,0.0337,outputs/checkpoints/best_vgg16_lr0.0001.pth,0.0001,1xptjn7v,29,0.8444444444444444
p6_seed13,data/raw/p6_seed13.jpg,VGG16,vgg16,Good,0.999165,0.000835,outputs/checkpoints/best_vgg16_lr0.0001.pth,0.0001,1xptjn7v,29,0.8444444444444444
p6_seed14,data/raw/p6_seed14.jpg,VGG16,vgg16,Good,0.979547,0.020453,outputs/checkpoints/best_vgg16_lr0.0001.pth,0.0001,1xptjn7v,29,0.8444444444444444
p6_seed15,data/raw/p6_seed15.jpg,VGG16,vgg16,Good,0.922799,0.077201,outputs/checkpoints/best_vgg16_lr0.0001.pth,0.0001,1xptjn7v,29,0.8444444444444444
p6_seed16,data/raw/p6_seed16.jpg,VGG16,vgg16,Good,0.999027,0.000973,outputs/checkpoints/best_vgg16_lr0.0001.pth,0.0001,1xptjn7v,29,0.8444444444444444
p6_seed17,data/raw/p6_seed17.jpg,VGG16,vgg16,Good,0.959091,0.040909,outputs/checkpoints/best_vgg16_lr0.0001.pth,0.0001,1xptjn7v,29,0.8444444444444444
p6_seed18,data/raw/p6_seed18.jpg,VGG16,vgg16,Good,0.989025,0.010975,outputs/checkpoints/best_vgg16_lr0.0001.pth,0.0001,1xptjn7v,29,0.8444444444444444
p6_seed19,data/raw/p6_seed19.jpg,VGG16,vgg16,Good,0.987178,0.012822,outputs/checkpoints/best_vgg16_lr0.0001.pth,0.0001,1xptjn7v,29,0.8444444444444444
p6_seed2,data/raw/p6_seed2.jpg,VGG16,vgg16,Good,0.875556,0.124444,outputs/checkpoints/best_vgg16_lr0.0001.pth,0.0001,1xptjn7v,29,0.8444444444444444
p6_seed3,data/raw/p6_seed3.jpg,VGG16,vgg16,Good,0.847842,0.152158,outputs/checkpoints/best_vgg16_lr0.0001.pth,0.0001,1xptjn7v,29,0.8444444444444444
p6_seed4,data/raw/p6_seed4.jpg,VGG16,vgg16,Good,0.998961,0.001039,outputs/checkpoints/best_vgg16_lr0.0001.pth,0.0001,1xptjn7v,29,0.8444444444444444
p6_seed5,data/raw/p6_seed5.jpg,VGG16,vgg16,Good,0.912216,0.087784,outputs/checkpoints/best_vgg16_lr0.0001.pth,0.0001,1xptjn7v,29,0.8444444444444444
p6_seed6,data/raw/p6_seed6.jpg,VGG16,vgg16,Bad,0.451024,0.548976,outputs/checkpoints/best_vgg16_lr0.0001.pth,0.0001,1xptjn7v,29,0.8444444444444444
p6_seed7,data/raw/p6_seed7.jpg,VGG16,vgg16,Good,0.942824,0.057176,outputs/checkpoints/best_vgg16_lr0.0001.pth,0.0001,1xptjn7v,29,0.8444444444444444
p6_seed8,data/raw/p6_seed8.jpg,VGG16,vgg16,Good,0.998072,0.001928,outputs/checkpoints/best_vgg16_lr0.0001.pth,0.0001,1xptjn7v,29,0.8444444444444444
p6_seed9,data/raw/p6_seed9.jpg,VGG16,vgg16,Bad,0.013598,0.986402,outputs/checkpoints/best_vgg16_lr0.0001.pth,0.0001,1xptjn7v,29,0.8444444444444444
p7_img0,data/raw/p7_img0.png,VGG16,vgg16,Good,0.999451,0.000549,outputs/checkpoints/best_vgg16_lr0.0001.pth,0.0001,1xptjn7v,29,0.8444444444444444
p7_img1,data/raw/p7_img1.png,VGG16,vgg16,Good,0.999761,0.000239,outputs/checkpoints/best_vgg16_lr0.0001.pth,0.0001,1xptjn7v,29,0.8444444444444444
p7_img10,data/raw/p7_img10.png,VGG16,vgg16,Good,0.999966,3.4e-05,outputs/checkpoints/best_vgg16_lr0.0001.pth,0.0001,1xptjn7v,29,0.8444444444444444
p7_img11,data/raw/p7_img11.png,VGG16,vgg16,Good,0.998311,0.001689,outputs/checkpoints/best_vgg16_lr0.0001.pth,0.0001,1xptjn7v,29,0.8444444444444444
p7_img12,data/raw/p7_img12.png,VGG16,vgg16,Bad,0.101941,0.898059,outputs/checkpoints/best_vgg16_lr0.0001.pth,0.0001,1xptjn7v,29,0.8444444444444444
p7_img13,data/raw/p7_img13.png,VGG16,vgg16,Good,0.999959,4.1e-05,outputs/checkpoints/best_vgg16_lr0.0001.pth,0.0001,1xptjn7v,29,0.8444444444444444
p7_img14,data/raw/p7_img14.png,VGG16,vgg16,Good,0.999996,4e-06,outputs/checkpoints/best_vgg16_lr0.0001.pth,0.0001,1xptjn7v,29,0.8444444444444444
p7_img15,data/raw/p7_img15.png,VGG16,vgg16,Good,0.993943,0.006057,outputs/checkpoints/best_vgg16_lr0.0001.pth,0.0001,1xptjn7v,29,0.8444444444444444
p7_img16,data/raw/p7_img16.png,VGG16,vgg16,Good,0.999981,1.9e-05,outputs/checkpoints/best_vgg16_lr0.0001.pth,0.0001,1xptjn7v,29,0.8444444444444444
p7_img17,data/raw/p7_img17.png,VGG16,vgg16,Good,0.99999,1e-05,outputs/checkpoints/best_vgg16_lr0.0001.pth,0.0001,1xptjn7v,29,0.8444444444444444
p7_img18,data/raw/p7_img18.png,VGG16,vgg16,Good,0.998162,0.001838,outputs/checkpoints/best_vgg16_lr0.0001.pth,0.0001,1xptjn7v,29,0.8444444444444444
p7_img19,data/raw/p7_img19.png,VGG16,vgg16,Good,0.99974,0.00026,outputs/checkpoints/best_vgg16_lr0.0001.pth,0.0001,1xptjn7v,29,0.8444444444444444
p7_img2,data/raw/p7_img2.png,VGG16,vgg16,Good,0.999888,0.000112,outputs/checkpoints/best_vgg16_lr0.0001.pth,0.0001,1xptjn7v,29,0.8444444444444444
p7_img20,data/raw/p7_img20.png,VGG16,vgg16,Good,0.999884,0.000116,outputs/checkpoints/best_vgg16_lr0.0001.pth,0.0001,1xptjn7v,29,0.8444444444444444
p7_img21,data/raw/p7_img21.png,VGG16,vgg16,Good,0.999966,3.4e-05,outputs/checkpoints/best_vgg16_lr0.0001.pth,0.0001,1xptjn7v,29,0.8444444444444444
p7_img22,data/raw/p7_img22.png,VGG16,vgg16,Good,0.99999,1e-05,outputs/checkpoints/best_vgg16_lr0.0001.pth,0.0001,1xptjn7v,29,0.8444444444444444
p7_img23,data/raw/p7_img23.png,VGG16,vgg16,Good,0.999647,0.000353,outputs/checkpoints/best_vgg16_lr0.0001.pth,0.0001,1xptjn7v,29,0.8444444444444444
p7_img24,data/raw/p7_img24.png,VGG16,vgg16,Good,0.999963,3.7e-05,outputs/checkpoints/best_vgg16_lr0.0001.pth,0.0001,1xptjn7v,29,0.8444444444444444
p7_img25,data/raw/p7_img25.png,VGG16,vgg16,Good,0.999994,6e-06,outputs/checkpoints/best_vgg16_lr0.0001.pth,0.0001,1xptjn7v,29,0.8444444444444444
p7_img26,data/raw/p7_img26.png,VGG16,vgg16,Bad,0.132627,0.867373,outputs/checkpoints/best_vgg16_lr0.0001.pth,0.0001,1xptjn7v,29,0.8444444444444444
p7_img27,data/raw/p7_img27.png,VGG16,vgg16,Good,0.999677,0.000323,outputs/checkpoints/best_vgg16_lr0.0001.pth,0.0001,1xptjn7v,29,0.8444444444444444
p7_img28,data/raw/p7_img28.png,VGG16,vgg16,Bad,0.001119,0.998881,outputs/checkpoints/best_vgg16_lr0.0001.pth,0.0001,1xptjn7v,29,0.8444444444444444
p7_img29,data/raw/p7_img29.png,VGG16,vgg16,Bad,0.253072,0.746928,outputs/checkpoints/best_vgg16_lr0.0001.pth,0.0001,1xptjn7v,29,0.8444444444444444
p7_img3,data/raw/p7_img3.png,VGG16,vgg16,Good,0.999967,3.3e-05,outputs/checkpoints/best_vgg16_lr0.0001.pth,0.0001,1xptjn7v,29,0.8444444444444444
p7_img4,data/raw/p7_img4.png,VGG16,vgg16,Good,0.999998,2e-06,outputs/checkpoints/best_vgg16_lr0.0001.pth,0.0001,1xptjn7v,29,0.8444444444444444
p7_img5,data/raw/p7_img5.png,VGG16,vgg16,Good,0.992771,0.007229,outputs/checkpoints/best_vgg16_lr0.0001.pth,0.0001,1xptjn7v,29,0.8444444444444444
p7_img6,data/raw/p7_img6.png,VGG16,vgg16,Good,0.999644,0.000356,outputs/checkpoints/best_vgg16_lr0.0001.pth,0.0001,1xptjn7v,29,0.8444444444444444
p7_img7,data/raw/p7_img7.png,VGG16,vgg16,Good,0.999319,0.000681,outputs/checkpoints/best_vgg16_lr0.0001.pth,0.0001,1xptjn7v,29,0.8444444444444444
p7_img8,data/raw/p7_img8.png,VGG16,vgg16,Good,0.999995,5e-06,outputs/checkpoints/best_vgg16_lr0.0001.pth,0.0001,1xptjn7v,29,0.8444444444444444
p7_img9,data/raw/p7_img9.png,VGG16,vgg16,Good,0.995195,0.004805,outputs/checkpoints/best_vgg16_lr0.0001.pth,0.0001,1xptjn7v,29,0.8444444444444444
p8_img0,data/raw/p8_img0.png,VGG16,vgg16,Good,0.999571,0.000429,outputs/checkpoints/best_vgg16_lr0.0001.pth,0.0001,1xptjn7v,29,0.8444444444444444
p8_img1,data/raw/p8_img1.png,VGG16,vgg16,Good,0.958898,0.041102,outputs/checkpoints/best_vgg16_lr0.0001.pth,0.0001,1xptjn7v,29,0.8444444444444444
p8_img10,data/raw/p8_img10.png,VGG16,vgg16,Good,0.996551,0.003449,outputs/checkpoints/best_vgg16_lr0.0001.pth,0.0001,1xptjn7v,29,0.8444444444444444
p8_img11,data/raw/p8_img11.png,VGG16,vgg16,Good,0.999926,7.4e-05,outputs/checkpoints/best_vgg16_lr0.0001.pth,0.0001,1xptjn7v,29,0.8444444444444444
p8_img12,data/raw/p8_img12.png,VGG16,vgg16,Good,0.999842,0.000158,outputs/checkpoints/best_vgg16_lr0.0001.pth,0.0001,1xptjn7v,29,0.8444444444444444
p8_img13,data/raw/p8_img13.png,VGG16,vgg16,Good,0.999994,6e-06,outputs/checkpoints/best_vgg16_lr0.0001.pth,0.0001,1xptjn7v,29,0.8444444444444444
p8_img14,data/raw/p8_img14.png,VGG16,vgg16,Good,0.999975,2.5e-05,outputs/checkpoints/best_vgg16_lr0.0001.pth,0.0001,1xptjn7v,29,0.8444444444444444
p8_img15,data/raw/p8_img15.png,VGG16,vgg16,Good,0.999189,0.000811,outputs/checkpoints/best_vgg16_lr0.0001.pth,0.0001,1xptjn7v,29,0.8444444444444444
p8_img16,data/raw/p8_img16.png,VGG16,vgg16,Good,0.997886,0.002114,outputs/checkpoints/best_vgg16_lr0.0001.pth,0.0001,1xptjn7v,29,0.8444444444444444
p8_img17,data/raw/p8_img17.png,VGG16,vgg16,Good,0.999979,2.1e-05,outputs/checkpoints/best_vgg16_lr0.0001.pth,0.0001,1xptjn7v,29,0.8444444444444444
p8_img18,data/raw/p8_img18.png,VGG16,vgg16,Good,0.904925,0.095075,outputs/checkpoints/best_vgg16_lr0.0001.pth,0.0001,1xptjn7v,29,0.8444444444444444
p8_img19,data/raw/p8_img19.png,VGG16,vgg16,Good,0.999979,2.1e-05,outputs/checkpoints/best_vgg16_lr0.0001.pth,0.0001,1xptjn7v,29,0.8444444444444444
p8_img2,data/raw/p8_img2.png,VGG16,vgg16,Good,0.982237,0.017764,outputs/checkpoints/best_vgg16_lr0.0001.pth,0.0001,1xptjn7v,29,0.8444444444444444
p8_img20,data/raw/p8_img20.png,VGG16,vgg16,Good,0.99999,1e-05,outputs/checkpoints/best_vgg16_lr0.0001.pth,0.0001,1xptjn7v,29,0.8444444444444444
p8_img21,data/raw/p8_img21.png,VGG16,vgg16,Good,0.999689,0.000311,outputs/checkpoints/best_vgg16_lr0.0001.pth,0.0001,1xptjn7v,29,0.8444444444444444
p8_img22,data/raw/p8_img22.png,VGG16,vgg16,Good,0.997421,0.002579,outputs/checkpoints/best_vgg16_lr0.0001.pth,0.0001,1xptjn7v,29,0.8444444444444444
p8_img23,data/raw/p8_img23.png,VGG16,vgg16,Good,0.999907,9.3e-05,outputs/checkpoints/best_vgg16_lr0.0001.pth,0.0001,1xptjn7v,29,0.8444444444444444
p8_img24,data/raw/p8_img24.png,VGG16,vgg16,Good,0.999756,0.000244,outputs/checkpoints/best_vgg16_lr0.0001.pth,0.0001,1xptjn7v,29,0.8444444444444444
p8_img25,data/raw/p8_img25.png,VGG16,vgg16,Good,0.97473,0.02527,outputs/checkpoints/best_vgg16_lr0.0001.pth,0.0001,1xptjn7v,29,0.8444444444444444
p8_img26,data/raw/p8_img26.png,VGG16,vgg16,Bad,0.099335,0.900665,outputs/checkpoints/best_vgg16_lr0.0001.pth,0.0001,1xptjn7v,29,0.8444444444444444
p8_img27,data/raw/p8_img27.png,VGG16,vgg16,Good,0.999898,0.000102,outputs/checkpoints/best_vgg16_lr0.0001.pth,0.0001,1xptjn7v,29,0.8444444444444444
p8_img28,data/raw/p8_img28.png,VGG16,vgg16,Good,0.990911,0.009089,outputs/checkpoints/best_vgg16_lr0.0001.pth,0.0001,1xptjn7v,29,0.8444444444444444
p8_img29,data/raw/p8_img29.png,VGG16,vgg16,Good,0.941275,0.058725,outputs/checkpoints/best_vgg16_lr0.0001.pth,0.0001,1xptjn7v,29,0.8444444444444444
p8_img3,data/raw/p8_img3.png,VGG16,vgg16,Good,0.999811,0.000189,outputs/checkpoints/best_vgg16_lr0.0001.pth,0.0001,1xptjn7v,29,0.8444444444444444
p8_img4,data/raw/p8_img4.png,VGG16,vgg16,Good,0.705758,0.294242,outputs/checkpoints/best_vgg16_lr0.0001.pth,0.0001,1xptjn7v,29,0.8444444444444444
p8_img5,data/raw/p8_img5.png,VGG16,vgg16,Good,0.999999,1e-06,outputs/checkpoints/best_vgg16_lr0.0001.pth,0.0001,1xptjn7v,29,0.8444444444444444
p8_img6,data/raw/p8_img6.png,VGG16,vgg16,Good,0.997806,0.002194,outputs/checkpoints/best_vgg16_lr0.0001.pth,0.0001,1xptjn7v,29,0.8444444444444444
p8_img7,data/raw/p8_img7.png,VGG16,vgg16,Good,0.999966,3.4e-05,outputs/checkpoints/best_vgg16_lr0.0001.pth,0.0001,1xptjn7v,29,0.8444444444444444
p8_img8,data/raw/p8_img8.png,VGG16,vgg16,Good,1.0,0.0,outputs/checkpoints/best_vgg16_lr0.0001.pth,0.0001,1xptjn7v,29,0.8444444444444444
p8_img9,data/raw/p8_img9.png,VGG16,vgg16,Good,0.990579,0.009421,outputs/checkpoints/best_vgg16_lr0.0001.pth,0.0001,1xptjn7v,29,0.8444444444444444
p9_img0,data/raw/p9_img0.png,VGG16,vgg16,Good,0.979579,0.020421,outputs/checkpoints/best_vgg16_lr0.0001.pth,0.0001,1xptjn7v,29,0.8444444444444444
p9_img1,data/raw/p9_img1.png,VGG16,vgg16,Good,0.973516,0.026485,outputs/checkpoints/best_vgg16_lr0.0001.pth,0.0001,1xptjn7v,29,0.8444444444444444
p9_img10,data/raw/p9_img10.png,VGG16,vgg16,Good,0.999933,6.6e-05,outputs/checkpoints/best_vgg16_lr0.0001.pth,0.0001,1xptjn7v,29,0.8444444444444444
p9_img11,data/raw/p9_img11.png,VGG16,vgg16,Bad,0.371942,0.628058,outputs/checkpoints/best_vgg16_lr0.0001.pth,0.0001,1xptjn7v,29,0.8444444444444444
p9_img12,data/raw/p9_img12.png,VGG16,vgg16,Good,0.629555,0.370445,outputs/checkpoints/best_vgg16_lr0.0001.pth,0.0001,1xptjn7v,29,0.8444444444444444
p9_img13,data/raw/p9_img13.png,VGG16,vgg16,Good,0.99921,0.00079,outputs/checkpoints/best_vgg16_lr0.0001.pth,0.0001,1xptjn7v,29,0.8444444444444444
p9_img14,data/raw/p9_img14.png,VGG16,vgg16,Good,0.999993,7e-06,outputs/checkpoints/best_vgg16_lr0.0001.pth,0.0001,1xptjn7v,29,0.8444444444444444
p9_img15,data/raw/p9_img15.png,VGG16,vgg16,Good,0.572345,0.427655,outputs/checkpoints/best_vgg16_lr0.0001.pth,0.0001,1xptjn7v,29,0.8444444444444444
p9_img16,data/raw/p9_img16.png,VGG16,vgg16,Good,0.892516,0.107484,outputs/checkpoints/best_vgg16_lr0.0001.pth,0.0001,1xptjn7v,29,0.8444444444444444
p9_img17,data/raw/p9_img17.png,VGG16,vgg16,Good,0.919788,0.080212,outputs/checkpoints/best_vgg16_lr0.0001.pth,0.0001,1xptjn7v,29,0.8444444444444444
p9_img18,data/raw/p9_img18.png,VGG16,vgg16,Good,0.999808,0.000192,outputs/checkpoints/best_vgg16_lr0.0001.pth,0.0001,1xptjn7v,29,0.8444444444444444
p9_img19,data/raw/p9_img19.png,VGG16,vgg16,Good,0.999965,3.5e-05,outputs/checkpoints/best_vgg16_lr0.0001.pth,0.0001,1xptjn7v,29,0.8444444444444444
p9_img2,data/raw/p9_img2.png,VGG16,vgg16,Bad,0.410502,0.589498,outputs/checkpoints/best_vgg16_lr0.0001.pth,0.0001,1xptjn7v,29,0.8444444444444444
p9_img20,data/raw/p9_img20.png,VGG16,vgg16,Good,0.858042,0.141958,outputs/checkpoints/best_vgg16_lr0.0001.pth,0.0001,1xptjn7v,29,0.8444444444444444
p9_img21,data/raw/p9_img21.png,VGG16,vgg16,Good,0.999323,0.000677,outputs/checkpoints/best_vgg16_lr0.0001.pth,0.0001,1xptjn7v,29,0.8444444444444444
p9_img22,data/raw/p9_img22.png,VGG16,vgg16,Good,0.999843,0.000157,outputs/checkpoints/best_vgg16_lr0.0001.pth,0.0001,1xptjn7v,29,0.8444444444444444
p9_img23,data/raw/p9_img23.png,VGG16,vgg16,Good,0.997269,0.002731,outputs/checkpoints/best_vgg16_lr0.0001.pth,0.0001,1xptjn7v,29,0.8444444444444444
p9_img24,data/raw/p9_img24.png,VGG16,vgg16,Good,0.99997,3e-05,outputs/checkpoints/best_vgg16_lr0.0001.pth,0.0001,1xptjn7v,29,0.8444444444444444
p9_img25,data/raw/p9_img25.png,VGG16,vgg16,Good,0.999943,5.7e-05,outputs/checkpoints/best_vgg16_lr0.0001.pth,0.0001,1xptjn7v,29,0.8444444444444444
p9_img26,data/raw/p9_img26.png,VGG16,vgg16,Good,0.99927,0.00073,outputs/checkpoints/best_vgg16_lr0.0001.pth,0.0001,1xptjn7v,29,0.8444444444444444
p9_img27,data/raw/p9_img27.png,VGG16,vgg16,Good,0.984311,0.015689,outputs/checkpoints/best_vgg16_lr0.0001.pth,0.0001,1xptjn7v,29,0.8444444444444444
p9_img28,data/raw/p9_img28.png,VGG16,vgg16,Bad,0.156577,0.843423,outputs/checkpoints/best_vgg16_lr0.0001.pth,0.0001,1xptjn7v,29,0.8444444444444444
p9_img29,data/raw/p9_img29.png,VGG16,vgg16,Bad,0.482183,0.517817,outputs/checkpoints/best_vgg16_lr0.0001.pth,0.0001,1xptjn7v,29,0.8444444444444444
p9_img3,data/raw/p9_img3.png,VGG16,vgg16,Good,0.554017,0.445983,outputs/checkpoints/best_vgg16_lr0.0001.pth,0.0001,1xptjn7v,29,0.8444444444444444
p9_img4,data/raw/p9_img4.png,VGG16,vgg16,Good,0.893715,0.106285,outputs/checkpoints/best_vgg16_lr0.0001.pth,0.0001,1xptjn7v,29,0.8444444444444444
p9_img5,data/raw/p9_img5.png,VGG16,vgg16,Good,0.999655,0.000345,outputs/checkpoints/best_vgg16_lr0.0001.pth,0.0001,1xptjn7v,29,0.8444444444444444
p9_img6,data/raw/p9_img6.png,VGG16,vgg16,Good,0.988962,0.011038,outputs/checkpoints/best_vgg16_lr0.0001.pth,0.0001,1xptjn7v,29,0.8444444444444444
p9_img7,data/raw/p9_img7.png,VGG16,vgg16,Good,0.999989,1.1e-05,outputs/checkpoints/best_vgg16_lr0.0001.pth,0.0001,1xptjn7v,29,0.8444444444444444
p9_img8,data/raw/p9_img8.png,VGG16,vgg16,Good,0.999569,0.000431,outputs/checkpoints/best_vgg16_lr0.0001.pth,0.0001,1xptjn7v,29,0.8444444444444444
p9_img9,data/raw/p9_img9.png,VGG16,vgg16,Good,0.997797,0.002203,outputs/checkpoints/best_vgg16_lr0.0001.pth,0.0001,1xptjn7v,29,0.8444444444444444
p0_img0,data/raw/p0_img0.png,ResNet18,resnet18,Good,0.880293,0.119707,outputs/checkpoints/best_resnet18_lr0.001.pth,0.001,dm8ovhqt,5,0.8321167883211679
p0_img1,data/raw/p0_img1.png,ResNet18,resnet18,Bad,0.439648,0.560352,outputs/checkpoints/best_resnet18_lr0.001.pth,0.001,dm8ovhqt,5,0.8321167883211679
p0_img10,data/raw/p0_img10.png,ResNet18,resnet18,Good,0.973825,0.026175,outputs/checkpoints/best_resnet18_lr0.001.pth,0.001,dm8ovhqt,5,0.8321167883211679
p0_img11,data/raw/p0_img11.png,ResNet18,resnet18,Good,0.727511,0.272489,outputs/checkpoints/best_resnet18_lr0.001.pth,0.001,dm8ovhqt,5,0.8321167883211679
p0_img12,data/raw/p0_img12.png,ResNet18,resnet18,Good,0.956012,0.043988,outputs/checkpoints/best_resnet18_lr0.001.pth,0.001,dm8ovhqt,5,0.8321167883211679
p0_img13,data/raw/p0_img13.png,ResNet18,resnet18,Good,0.988437,0.011563,outputs/checkpoints/best_resnet18_lr0.001.pth,0.001,dm8ovhqt,5,0.8321167883211679
p0_img14,data/raw/p0_img14.png,ResNet18,resnet18,Good,0.921544,0.078457,outputs/checkpoints/best_resnet18_lr0.001.pth,0.001,dm8ovhqt,5,0.8321167883211679
p0_img15,data/raw/p0_img15.png,ResNet18,resnet18,Good,0.950687,0.049313,outputs/checkpoints/best_resnet18_lr0.001.pth,0.001,dm8ovhqt,5,0.8321167883211679
p0_img16,data/raw/p0_img16.png,ResNet18,resnet18,Good,0.973039,0.026961,outputs/checkpoints/best_resnet18_lr0.001.pth,0.001,dm8ovhqt,5,0.8321167883211679
p0_img17,data/raw/p0_img17.png,ResNet18,resnet18,Good,0.893295,0.106705,outputs/checkpoints/best_resnet18_lr0.001.pth,0.001,dm8ovhqt,5,0.8321167883211679
p0_img18,data/raw/p0_img18.png,ResNet18,resnet18,Good,0.741662,0.258338,outputs/checkpoints/best_resnet18_lr0.001.pth,0.001,dm8ovhqt,5,0.8321167883211679
p0_img19,data/raw/p0_img19.png,ResNet18,resnet18,Good,0.945081,0.054919,outputs/checkpoints/best_resnet18_lr0.001.pth,0.001,dm8ovhqt,5,0.8321167883211679
p0_img2,data/raw/p0_img2.png,ResNet18,resnet18,Good,0.916422,0.083578,outputs/checkpoints/best_resnet18_lr0.001.pth,0.001,dm8ovhqt,5,0.8321167883211679
p0_img20,data/raw/p0_img20.png,ResNet18,resnet18,Good,0.979004,0.020996,outputs/checkpoints/best_resnet18_lr0.001.pth,0.001,dm8ovhqt,5,0.8321167883211679
p0_img21,data/raw/p0_img21.png,ResNet18,resnet18,Good,0.742458,0.257542,outputs/checkpoints/best_resnet18_lr0.001.pth,0.001,dm8ovhqt,5,0.8321167883211679
p0_img22,data/raw/p0_img22.png,ResNet18,resnet18,Good,0.570633,0.429367,outputs/checkpoints/best_resnet18_lr0.001.pth,0.001,dm8ovhqt,5,0.8321167883211679
p0_img23,data/raw/p0_img23.png,ResNet18,resnet18,Good,0.816716,0.183284,outputs/checkpoints/best_resnet18_lr0.001.pth,0.001,dm8ovhqt,5,0.8321167883211679
p0_img24,data/raw/p0_img24.png,ResNet18,resnet18,Good,0.607301,0.392699,outputs/checkpoints/best_resnet18_lr0.001.pth,0.001,dm8ovhqt,5,0.8321167883211679
p0_img25,data/raw/p0_img25.png,ResNet18,resnet18,Good,0.794474,0.205526,outputs/checkpoints/best_resnet18_lr0.001.pth,0.001,dm8ovhqt,5,0.8321167883211679
p0_img26,data/raw/p0_img26.png,ResNet18,resnet18,Good,0.989272,0.010728,outputs/checkpoints/best_resnet18_lr0.001.pth,0.001,dm8ovhqt,5,0.8321167883211679
p0_img27,data/raw/p0_img27.png,ResNet18,resnet18,Good,0.825675,0.174325,outputs/checkpoints/best_resnet18_lr0.001.pth,0.001,dm8ovhqt,5,0.8321167883211679
p0_img28,data/raw/p0_img28.png,ResNet18,resnet18,Good,0.683523,0.316477,outputs/checkpoints/best_resnet18_lr0.001.pth,0.001,dm8ovhqt,5,0.8321167883211679
p0_img29,data/raw/p0_img29.png,ResNet18,resnet18,Good,0.985372,0.014628,outputs/checkpoints/best_resnet18_lr0.001.pth,0.001,dm8ovhqt,5,0.8321167883211679
p0_img3,data/raw/p0_img3.png,ResNet18,resnet18,Good,0.979107,0.020893,outputs/checkpoints/best_resnet18_lr0.001.pth,0.001,dm8ovhqt,5,0.8321167883211679
p0_img4,data/raw/p0_img4.png,ResNet18,resnet18,Good,0.95531,0.04469,outputs/checkpoints/best_resnet18_lr0.001.pth,0.001,dm8ovhqt,5,0.8321167883211679
p0_img5,data/raw/p0_img5.png,ResNet18,resnet18,Good,0.995689,0.00431,outputs/checkpoints/best_resnet18_lr0.001.pth,0.001,dm8ovhqt,5,0.8321167883211679
p0_img6,data/raw/p0_img6.png,ResNet18,resnet18,Good,0.939695,0.060305,outputs/checkpoints/best_resnet18_lr0.001.pth,0.001,dm8ovhqt,5,0.8321167883211679
p0_img7,data/raw/p0_img7.png,ResNet18,resnet18,Good,0.954115,0.045885,outputs/checkpoints/best_resnet18_lr0.001.pth,0.001,dm8ovhqt,5,0.8321167883211679
p0_img8,data/raw/p0_img8.png,ResNet18,resnet18,Good,0.996415,0.003585,outputs/checkpoints/best_resnet18_lr0.001.pth,0.001,dm8ovhqt,5,0.8321167883211679
p0_img9,data/raw/p0_img9.png,ResNet18,resnet18,Good,0.981262,0.018738,outputs/checkpoints/best_resnet18_lr0.001.pth,0.001,dm8ovhqt,5,0.8321167883211679
p0_seed0,data/raw/p0_seed0.jpg,ResNet18,resnet18,Good,0.859859,0.140141,outputs/checkpoints/best_resnet18_lr0.001.pth,0.001,dm8ovhqt,5,0.8321167883211679
p0_seed1,data/raw/p0_seed1.jpg,ResNet18,resnet18,Good,0.980591,0.019409,outputs/checkpoints/best_resnet18_lr0.001.pth,0.001,dm8ovhqt,5,0.8321167883211679
p0_seed10,data/raw/p0_seed10.jpg,ResNet18,resnet18,Good,0.891202,0.108798,outputs/checkpoints/best_resnet18_lr0.001.pth,0.001,dm8ovhqt,5,0.8321167883211679
p0_seed11,data/raw/p0_seed11.jpg,ResNet18,resnet18,Good,0.735676,0.264324,outputs/checkpoints/best_resnet18_lr0.001.pth,0.001,dm8ovhqt,5,0.8321167883211679
p0_seed12,data/raw/p0_seed12.jpg,ResNet18,resnet18,Good,0.543837,0.456163,outputs/checkpoints/best_resnet18_lr0.001.pth,0.001,dm8ovhqt,5,0.8321167883211679
p0_seed13,data/raw/p0_seed13.jpg,ResNet18,resnet18,Good,0.983262,0.016738,outputs/checkpoints/best_resnet18_lr0.001.pth,0.001,dm8ovhqt,5,0.8321167883211679
p0_seed14,data/raw/p0_seed14.jpg,ResNet18,resnet18,Good,0.869445,0.130555,outputs/checkpoints/best_resnet18_lr0.001.pth,0.001,dm8ovhqt,5,0.8321167883211679
p0_seed15,data/raw/p0_seed15.jpg,ResNet18,resnet18,Good,0.973875,0.026125,outputs/checkpoints/best_resnet18_lr0.001.pth,0.001,dm8ovhqt,5,0.8321167883211679
p0_seed16,data/raw/p0_seed16.jpg,ResNet18,resnet18,Good,0.967424,0.032576,outputs/checkpoints/best_resnet18_lr0.001.pth,0.001,dm8ovhqt,5,0.8321167883211679
p0_seed17,data/raw/p0_seed17.jpg,ResNet18,resnet18,Bad,0.02394,0.97606,outputs/checkpoints/best_resnet18_lr0.001.pth,0.001,dm8ovhqt,5,0.8321167883211679
p0_seed18,data/raw/p0_seed18.jpg,ResNet18,resnet18,Good,0.790568,0.209432,outputs/checkpoints/best_resnet18_lr0.001.pth,0.001,dm8ovhqt,5,0.8321167883211679
p0_seed19,data/raw/p0_seed19.jpg,ResNet18,resnet18,Good,0.992869,0.007131,outputs/checkpoints/best_resnet18_lr0.001.pth,0.001,dm8ovhqt,5,0.8321167883211679
p0_seed2,data/raw/p0_seed2.jpg,ResNet18,resnet18,Bad,0.373626,0.626374,outputs/checkpoints/best_resnet18_lr0.001.pth,0.001,dm8ovhqt,5,0.8321167883211679
p0_seed20,data/raw/p0_seed20.jpg,ResNet18,resnet18,Good,0.853318,0.146682,outputs/checkpoints/best_resnet18_lr0.001.pth,0.001,dm8ovhqt,5,0.8321167883211679
p0_seed21,data/raw/p0_seed21.jpg,ResNet18,resnet18,Bad,0.186108,0.813892,outputs/checkpoints/best_resnet18_lr0.001.pth,0.001,dm8ovhqt,5,0.8321167883211679
p0_seed22,data/raw/p0_seed22.jpg,ResNet18,resnet18,Good,0.986332,0.013668,outputs/checkpoints/best_resnet18_lr0.001.pth,0.001,dm8ovhqt,5,0.8321167883211679
p0_seed23,data/raw/p0_seed23.jpg,ResNet18,resnet18,Bad,0.471027,0.528973,outputs/checkpoints/best_resnet18_lr0.001.pth,0.001,dm8ovhqt,5,0.8321167883211679
p0_seed24,data/raw/p0_seed24.jpg,ResNet18,resnet18,Good,0.74912,0.25088,outputs/checkpoints/best_resnet18_lr0.001.pth,0.001,dm8ovhqt,5,0.8321167883211679
p0_seed25,data/raw/p0_seed25.jpg,ResNet18,resnet18,Good,0.902704,0.097296,outputs/checkpoints/best_resnet18_lr0.001.pth,0.001,dm8ovhqt,5,0.8321167883211679
p0_seed26,data/raw/p0_seed26.jpg,ResNet18,resnet18,Bad,0.496498,0.503502,outputs/checkpoints/best_resnet18_lr0.001.pth,0.001,dm8ovhqt,5,0.8321167883211679
p0_seed27,data/raw/p0_seed27.jpg,ResNet18,resnet18,Good,0.834922,0.165078,outputs/checkpoints/best_resnet18_lr0.001.pth,0.001,dm8ovhqt,5,0.8321167883211679
p0_seed28,data/raw/p0_seed28.jpg,ResNet18,resnet18,Good,0.767745,0.232255,outputs/checkpoints/best_resnet18_lr0.001.pth,0.001,dm8ovhqt,5,0.8321167883211679
p0_seed29,data/raw/p0_seed29.jpg,ResNet18,resnet18,Good,0.992853,0.007147,outputs/checkpoints/best_resnet18_lr0.001.pth,0.001,dm8ovhqt,5,0.8321167883211679
p0_seed3,data/raw/p0_seed3.jpg,ResNet18,resnet18,Bad,0.004377,0.995623,outputs/checkpoints/best_resnet18_lr0.001.pth,0.001,dm8ovhqt,5,0.8321167883211679
p0_seed4,data/raw/p0_seed4.jpg,ResNet18,resnet18,Good,0.751975,0.248025,outputs/checkpoints/best_resnet18_lr0.001.pth,0.001,dm8ovhqt,5,0.8321167883211679
p0_seed5,data/raw/p0_seed5.jpg,ResNet18,resnet18,Good,0.909677,0.090323,outputs/checkpoints/best_resnet18_lr0.001.pth,0.001,dm8ovhqt,5,0.8321167883211679
p0_seed6,data/raw/p0_seed6.jpg,ResNet18,resnet18,Bad,0.405606,0.594394,outputs/checkpoints/best_resnet18_lr0.001.pth,0.001,dm8ovhqt,5,0.8321167883211679
p0_seed7,data/raw/p0_seed7.jpg,ResNet18,resnet18,Good,0.583064,0.416936,outputs/checkpoints/best_resnet18_lr0.001.pth,0.001,dm8ovhqt,5,0.8321167883211679
p0_seed8,data/raw/p0_seed8.jpg,ResNet18,resnet18,Good,0.559803,0.440197,outputs/checkpoints/best_resnet18_lr0.001.pth,0.001,dm8ovhqt,5,0.8321167883211679
p0_seed9,data/raw/p0_seed9.jpg,ResNet18,resnet18,Good,0.751466,0.248534,outputs/checkpoints/best_resnet18_lr0.001.pth,0.001,dm8ovhqt,5,0.8321167883211679
p1_img0,data/raw/p1_img0.png,ResNet18,resnet18,Good,0.612144,0.387856,outputs/checkpoints/best_resnet18_lr0.001.pth,0.001,dm8ovhqt,5,0.8321167883211679
p1_img1,data/raw/p1_img1.png,ResNet18,resnet18,Bad,0.24915,0.75085,outputs/checkpoints/best_resnet18_lr0.001.pth,0.001,dm8ovhqt,5,0.8321167883211679
p1_img10,data/raw/p1_img10.png,ResNet18,resnet18,Good,0.728232,0.271768,outputs/checkpoints/best_resnet18_lr0.001.pth,0.001,dm8ovhqt,5,0.8321167883211679
p1_img11,data/raw/p1_img11.png,ResNet18,resnet18,Good,0.904505,0.095495,outputs/checkpoints/best_resnet18_lr0.001.pth,0.001,dm8ovhqt,5,0.8321167883211679
p1_img12,data/raw/p1_img12.png,ResNet18,resnet18,Good,0.715012,0.284988,outputs/checkpoints/best_resnet18_lr0.001.pth,0.001,dm8ovhqt,5,0.8321167883211679
p1_img13,data/raw/p1_img13.png,ResNet18,resnet18,Good,0.91462,0.08538,outputs/checkpoints/best_resnet18_lr0.001.pth,0.001,dm8ovhqt,5,0.8321167883211679
p1_img14,data/raw/p1_img14.png,ResNet18,resnet18,Good,0.821249,0.178751,outputs/checkpoints/best_resnet18_lr0.001.pth,0.001,dm8ovhqt,5,0.8321167883211679
p1_img15,data/raw/p1_img15.png,ResNet18,resnet18,Good,0.678181,0.321819,outputs/checkpoints/best_resnet18_lr0.001.pth,0.001,dm8ovhqt,5,0.8321167883211679
p1_img16,data/raw/p1_img16.png,ResNet18,resnet18,Good,0.881791,0.118209,outputs/checkpoints/best_resnet18_lr0.001.pth,0.001,dm8ovhqt,5,0.8321167883211679
p1_img17,data/raw/p1_img17.png,ResNet18,resnet18,Good,0.801483,0.198517,outputs/checkpoints/best_resnet18_lr0.001.pth,0.001,dm8ovhqt,5,0.8321167883211679
p1_img18,data/raw/p1_img18.png,ResNet18,resnet18,Bad,0.4175,0.5825,outputs/checkpoints/best_resnet18_lr0.001.pth,0.001,dm8ovhqt,5,0.8321167883211679
p1_img19,data/raw/p1_img19.png,ResNet18,resnet18,Good,0.530843,0.469157,outputs/checkpoints/best_resnet18_lr0.001.pth,0.001,dm8ovhqt,5,0.8321167883211679
p1_img2,data/raw/p1_img2.png,ResNet18,resnet18,Good,0.948564,0.051436,outputs/checkpoints/best_resnet18_lr0.001.pth,0.001,dm8ovhqt,5,0.8321167883211679
p1_img20,data/raw/p1_img20.png,ResNet18,resnet18,Good,0.93254,0.06746,outputs/checkpoints/best_resnet18_lr0.001.pth,0.001,dm8ovhqt,5,0.8321167883211679
p1_img21,data/raw/p1_img21.png,ResNet18,resnet18,Good,0.970095,0.029905,outputs/checkpoints/best_resnet18_lr0.001.pth,0.001,dm8ovhqt,5,0.8321167883211679
p1_img22,data/raw/p1_img22.png,ResNet18,resnet18,Good,0.863423,0.136577,outputs/checkpoints/best_resnet18_lr0.001.pth,0.001,dm8ovhqt,5,0.8321167883211679
p1_img23,data/raw/p1_img23.png,ResNet18,resnet18,Good,0.675939,0.324061,outputs/checkpoints/best_resnet18_lr0.001.pth,0.001,dm8ovhqt,5,0.8321167883211679
p1_img24,data/raw/p1_img24.png,ResNet18,resnet18,Good,0.97293,0.02707,outputs/checkpoints/best_resnet18_lr0.001.pth,0.001,dm8ovhqt,5,0.8321167883211679
p1_img25,data/raw/p1_img25.png,ResNet18,resnet18,Good,0.868464,0.131536,outputs/checkpoints/best_resnet18_lr0.001.pth,0.001,dm8ovhqt,5,0.8321167883211679
p1_img26,data/raw/p1_img26.png,ResNet18,resnet18,Good,0.842162,0.157838,outputs/checkpoints/best_resnet18_lr0.001.pth,0.001,dm8ovhqt,5,0.8321167883211679
p1_img27,data/raw/p1_img27.png,ResNet18,resnet18,Bad,0.234613,0.765387,outputs/checkpoints/best_resnet18_lr0.001.pth,0.001,dm8ovhqt,5,0.8321167883211679
p1_img28,data/raw/p1_img28.png,ResNet18,resnet18,Good,0.956004,0.043997,outputs/checkpoints/best_resnet18_lr0.001.pth,0.001,dm8ovhqt,5,0.8321167883211679
p1_img29,data/raw/p1_img29.png,ResNet18,resnet18,Good,0.842939,0.157061,outputs/checkpoints/best_resnet18_lr0.001.pth,0.001,dm8ovhqt,5,0.8321167883211679
p1_img3,data/raw/p1_img3.png,ResNet18,resnet18,Bad,0.40318,0.59682,outputs/checkpoints/best_resnet18_lr0.001.pth,0.001,dm8ovhqt,5,0.8321167883211679
p1_img4,data/raw/p1_img4.png,ResNet18,resnet18,Good,0.994277,0.005723,outputs/checkpoints/best_resnet18_lr0.001.pth,0.001,dm8ovhqt,5,0.8321167883211679
p1_img5,data/raw/p1_img5.png,ResNet18,resnet18,Good,0.887181,0.112819,outputs/checkpoints/best_resnet18_lr0.001.pth,0.001,dm8ovhqt,5,0.8321167883211679
p1_img6,data/raw/p1_img6.png,ResNet18,resnet18,Good,0.96337,0.03663,outputs/checkpoints/best_resnet18_lr0.001.pth,0.001,dm8ovhqt,5,0.8321167883211679
p1_img7,data/raw/p1_img7.png,ResNet18,resnet18,Good,0.864742,0.135258,outputs/checkpoints/best_resnet18_lr0.001.pth,0.001,dm8ovhqt,5,0.8321167883211679
p1_img8,data/raw/p1_img8.png,ResNet18,resnet18,Good,0.910442,0.089558,outputs/checkpoints/best_resnet18_lr0.001.pth,0.001,dm8ovhqt,5,0.8321167883211679
p1_img9,data/raw/p1_img9.png,ResNet18,resnet18,Good,0.979816,0.020184,outputs/checkpoints/best_resnet18_lr0.001.pth,0.001,dm8ovhqt,5,0.8321167883211679
p1_seed0,data/raw/p1_seed0.jpg,ResNet18,resnet18,Good,0.500807,0.499193,outputs/checkpoints/best_resnet18_lr0.001.pth,0.001,dm8ovhqt,5,0.8321167883211679
p1_seed1,data/raw/p1_seed1.jpg,ResNet18,resnet18,Good,0.976103,0.023897,outputs/checkpoints/best_resnet18_lr0.001.pth,0.001,dm8ovhqt,5,0.8321167883211679
p1_seed10,data/raw/p1_seed10.jpg,ResNet18,resnet18,Good,0.88588,0.11412,outputs/checkpoints/best_resnet18_lr0.001.pth,0.001,dm8ovhqt,5,0.8321167883211679
p1_seed11,data/raw/p1_seed11.jpg,ResNet18,resnet18,Bad,0.18063,0.81937,outputs/checkpoints/best_resnet18_lr0.001.pth,0.001,dm8ovhqt,5,0.8321167883211679
p1_seed12,data/raw/p1_seed12.jpg,ResNet18,resnet18,Bad,0.157629,0.842371,outputs/checkpoints/best_resnet18_lr0.001.pth,0.001,dm8ovhqt,5,0.8321167883211679
p1_seed13,data/raw/p1_seed13.jpg,ResNet18,resnet18,Good,0.785423,0.214577,outputs/checkpoints/best_resnet18_lr0.001.pth,0.001,dm8ovhqt,5,0.8321167883211679
p1_seed14,data/raw/p1_seed14.jpg,ResNet18,resnet18,Bad,0.138969,0.861031,outputs/checkpoints/best_resnet18_lr0.001.pth,0.001,dm8ovhqt,5,0.8321167883211679
p1_seed15,data/raw/p1_seed15.jpg,ResNet18,resnet18,Bad,0.393911,0.606089,outputs/checkpoints/best_resnet18_lr0.001.pth,0.001,dm8ovhqt,5,0.8321167883211679
p1_seed16,data/raw/p1_seed16.jpg,ResNet18,resnet18,Good,0.727321,0.272679,outputs/checkpoints/best_resnet18_lr0.001.pth,0.001,dm8ovhqt,5,0.8321167883211679
p1_seed17,data/raw/p1_seed17.jpg,ResNet18,resnet18,Good,0.633909,0.366091,outputs/checkpoints/best_resnet18_lr0.001.pth,0.001,dm8ovhqt,5,0.8321167883211679
p1_seed18,data/raw/p1_seed18.jpg,ResNet18,resnet18,Good,0.530889,0.469111,outputs/checkpoints/best_resnet18_lr0.001.pth,0.001,dm8ovhqt,5,0.8321167883211679
p1_seed19,data/raw/p1_seed19.jpg,ResNet18,resnet18,Good,0.77104,0.22896,outputs/checkpoints/best_resnet18_lr0.001.pth,0.001,dm8ovhqt,5,0.8321167883211679
p1_seed2,data/raw/p1_seed2.jpg,ResNet18,resnet18,Good,0.831235,0.168765,outputs/checkpoints/best_resnet18_lr0.001.pth,0.001,dm8ovhqt,5,0.8321167883211679
p1_seed20,data/raw/p1_seed20.jpg,ResNet18,resnet18,Good,0.701521,0.298479,outputs/checkpoints/best_resnet18_lr0.001.pth,0.001,dm8ovhqt,5,0.8321167883211679
p1_seed21,data/raw/p1_seed21.jpg,ResNet18,resnet18,Bad,0.12993,0.87007,outputs/checkpoints/best_resnet18_lr0.001.pth,0.001,dm8ovhqt,5,0.8321167883211679
p1_seed22,data/raw/p1_seed22.jpg,ResNet18,resnet18,Bad,0.266742,0.733258,outputs/checkpoints/best_resnet18_lr0.001.pth,0.001,dm8ovhqt,5,0.8321167883211679
p1_seed23,data/raw/p1_seed23.jpg,ResNet18,resnet18,Good,0.539659,0.460341,outputs/checkpoints/best_resnet18_lr0.001.pth,0.001,dm8ovhqt,5,0.8321167883211679
p1_seed24,data/raw/p1_seed24.jpg,ResNet18,resnet18,Bad,0.425982,0.574018,outputs/checkpoints/best_resnet18_lr0.001.pth,0.001,dm8ovhqt,5,0.8321167883211679
p1_seed25,data/raw/p1_seed25.jpg,ResNet18,resnet18,Bad,0.356407,0.643593,outputs/checkpoints/best_resnet18_lr0.001.pth,0.001,dm8ovhqt,5,0.8321167883211679
p1_seed26,data/raw/p1_seed26.jpg,ResNet18,resnet18,Bad,0.355945,0.644055,outputs/checkpoints/best_resnet18_lr0.001.pth,0.001,dm8ovhqt,5,0.8321167883211679
p1_seed27,data/raw/p1_seed27.jpg,ResNet18,resnet18,Good,0.607108,0.392892,outputs/checkpoints/best_resnet18_lr0.001.pth,0.001,dm8ovhqt,5,0.8321167883211679
p1_seed28,data/raw/p1_seed28.jpg,ResNet18,resnet18,Good,0.857726,0.142274,outputs/checkpoints/best_resnet18_lr0.001.pth,0.001,dm8ovhqt,5,0.8321167883211679
p1_seed29,data/raw/p1_seed29.jpg,ResNet18,resnet18,Good,0.555493,0.444507,outputs/checkpoints/best_resnet18_lr0.001.pth,0.001,dm8ovhqt,5,0.8321167883211679
p1_seed3,data/raw/p1_seed3.jpg,ResNet18,resnet18,Good,0.609477,0.390523,outputs/checkpoints/best_resnet18_lr0.001.pth,0.001,dm8ovhqt,5,0.8321167883211679
p1_seed4,data/raw/p1_seed4.jpg,ResNet18,resnet18,Bad,0.403054,0.596946,outputs/checkpoints/best_resnet18_lr0.001.pth,0.001,dm8ovhqt,5,0.8321167883211679
p1_seed5,data/raw/p1_seed5.jpg,ResNet18,resnet18,Good,0.734603,0.265397,outputs/checkpoints/best_resnet18_lr0.001.pth,0.001,dm8ovhqt,5,0.8321167883211679
p1_seed6,data/raw/p1_seed6.jpg,ResNet18,resnet18,Good,0.639144,0.360856,outputs/checkpoints/best_resnet18_lr0.001.pth,0.001,dm8ovhqt,5,0.8321167883211679
p1_seed7,data/raw/p1_seed7.jpg,ResNet18,resnet18,Bad,0.489202,0.510798,outputs/checkpoints/best_resnet18_lr0.001.pth,0.001,dm8ovhqt,5,0.8321167883211679
p1_seed8,data/raw/p1_seed8.jpg,ResNet18,resnet18,Bad,0.453195,0.546805,outputs/checkpoints/best_resnet18_lr0.001.pth,0.001,dm8ovhqt,5,0.8321167883211679
p1_seed9,data/raw/p1_seed9.jpg,ResNet18,resnet18,Good,0.900873,0.099127,outputs/checkpoints/best_resnet18_lr0.001.pth,0.001,dm8ovhqt,5,0.8321167883211679
p2_img0,data/raw/p2_img0.png,ResNet18,resnet18,Good,0.641889,0.358111,outputs/checkpoints/best_resnet18_lr0.001.pth,0.001,dm8ovhqt,5,0.8321167883211679
p2_img1,data/raw/p2_img1.png,ResNet18,resnet18,Bad,0.431747,0.568253,outputs/checkpoints/best_resnet18_lr0.001.pth,0.001,dm8ovhqt,5,0.8321167883211679
p2_img10,data/raw/p2_img10.png,ResNet18,resnet18,Good,0.90272,0.09728,outputs/checkpoints/best_resnet18_lr0.001.pth,0.001,dm8ovhqt,5,0.8321167883211679
p2_img11,data/raw/p2_img11.png,ResNet18,resnet18,Good,0.687003,0.312997,outputs/checkpoints/best_resnet18_lr0.001.pth,0.001,dm8ovhqt,5,0.8321167883211679
p2_img12,data/raw/p2_img12.png,ResNet18,resnet18,Good,0.864834,0.135166,outputs/checkpoints/best_resnet18_lr0.001.pth,0.001,dm8ovhqt,5,0.8321167883211679
p2_img13,data/raw/p2_img13.png,ResNet18,resnet18,Good,0.962363,0.037637,outputs/checkpoints/best_resnet18_lr0.001.pth,0.001,dm8ovhqt,5,0.8321167883211679
p2_img14,data/raw/p2_img14.png,ResNet18,resnet18,Good,0.538241,0.461759,outputs/checkpoints/best_resnet18_lr0.001.pth,0.001,dm8ovhqt,5,0.8321167883211679
p2_img15,data/raw/p2_img15.png,ResNet18,resnet18,Good,0.535466,0.464534,outputs/checkpoints/best_resnet18_lr0.001.pth,0.001,dm8ovhqt,5,0.8321167883211679
p2_img16,data/raw/p2_img16.png,ResNet18,resnet18,Good,0.976653,0.023347,outputs/checkpoints/best_resnet18_lr0.001.pth,0.001,dm8ovhqt,5,0.8321167883211679
p2_img17,data/raw/p2_img17.png,ResNet18,resnet18,Good,0.884431,0.115569,outputs/checkpoints/best_resnet18_lr0.001.pth,0.001,dm8ovhqt,5,0.8321167883211679
p2_img18,data/raw/p2_img18.png,ResNet18,resnet18,Good,0.804583,0.195417,outputs/checkpoints/best_resnet18_lr0.001.pth,0.001,dm8ovhqt,5,0.8321167883211679
p2_img19,data/raw/p2_img19.png,ResNet18,resnet18,Good,0.971393,0.028607,outputs/checkpoints/best_resnet18_lr0.001.pth,0.001,dm8ovhqt,5,0.8321167883211679
p2_img2,data/raw/p2_img2.png,ResNet18,resnet18,Good,0.646026,0.353974,outputs/checkpoints/best_resnet18_lr0.001.pth,0.001,dm8ovhqt,5,0.8321167883211679
p2_img20,data/raw/p2_img20.png,ResNet18,resnet18,Good,0.822543,0.177457,outputs/checkpoints/best_resnet18_lr0.001.pth,0.001,dm8ovhqt,5,0.8321167883211679
p2_img21,data/raw/p2_img21.png,ResNet18,resnet18,Good,0.616211,0.383789,outputs/checkpoints/best_resnet18_lr0.001.pth,0.001,dm8ovhqt,5,0.8321167883211679
p2_img22,data/raw/p2_img22.png,ResNet18,resnet18,Good,0.572718,0.427282,outputs/checkpoints/best_resnet18_lr0.001.pth,0.001,dm8ovhqt,5,0.8321167883211679
p2_img23,data/raw/p2_img23.png,ResNet18,resnet18,Good,0.962972,0.037028,outputs/checkpoints/best_resnet18_lr0.001.pth,0.001,dm8ovhqt,5,0.8321167883211679
p2_img24,data/raw/p2_img24.png,ResNet18,resnet18,Good,0.904004,0.095996,outputs/checkpoints/best_resnet18_lr0.001.pth,0.001,dm8ovhqt,5,0.8321167883211679
p2_img25,data/raw/p2_img25.png,ResNet18,resnet18,Good,0.920593,0.079407,outputs/checkpoints/best_resnet18_lr0.001.pth,0.001,dm8ovhqt,5,0.8321167883211679
p2_img26,data/raw/p2_img26.png,ResNet18,resnet18,Good,0.893119,0.106881,outputs/checkpoints/best_resnet18_lr0.001.pth,0.001,dm8ovhqt,5,0.8321167883211679
p2_img27,data/raw/p2_img27.png,ResNet18,resnet18,Good,0.839452,0.160548,outputs/checkpoints/best_resnet18_lr0.001.pth,0.001,dm8ovhqt,5,0.8321167883211679
p2_img28,data/raw/p2_img28.png,ResNet18,resnet18,Good,0.909355,0.090645,outputs/checkpoints/best_resnet18_lr0.001.pth,0.001,dm8ovhqt,5,0.8321167883211679
p2_img29,data/raw/p2_img29.png,ResNet18,resnet18,Good,0.747524,0.252476,outputs/checkpoints/best_resnet18_lr0.001.pth,0.001,dm8ovhqt,5,0.8321167883211679
p2_img3,data/raw/p2_img3.png,ResNet18,resnet18,Bad,0.261981,0.738019,outputs/checkpoints/best_resnet18_lr0.001.pth,0.001,dm8ovhqt,5,0.8321167883211679
p2_img4,data/raw/p2_img4.png,ResNet18,resnet18,Good,0.766563,0.233437,outputs/checkpoints/best_resnet18_lr0.001.pth,0.001,dm8ovhqt,5,0.8321167883211679
p2_img5,data/raw/p2_img5.png,ResNet18,resnet18,Good,0.797687,0.202313,outputs/checkpoints/best_resnet18_lr0.001.pth,0.001,dm8ovhqt,5,0.8321167883211679
p2_img6,data/raw/p2_img6.png,ResNet18,resnet18,Good,0.749103,0.250897,outputs/checkpoints/best_resnet18_lr0.001.pth,0.001,dm8ovhqt,5,0.8321167883211679
p2_img7,data/raw/p2_img7.png,ResNet18,resnet18,Good,0.894699,0.105301,outputs/checkpoints/best_resnet18_lr0.001.pth,0.001,dm8ovhqt,5,0.8321167883211679
p2_img8,data/raw/p2_img8.png,ResNet18,resnet18,Good,0.977295,0.022705,outputs/checkpoints/best_resnet18_lr0.001.pth,0.001,dm8ovhqt,5,0.8321167883211679
p2_img9,data/raw/p2_img9.png,ResNet18,resnet18,Good,0.90046,0.09954,outputs/checkpoints/best_resnet18_lr0.001.pth,0.001,dm8ovhqt,5,0.8321167883211679
p2_seed0,data/raw/p2_seed0.jpg,ResNet18,resnet18,Good,0.983633,0.016367,outputs/checkpoints/best_resnet18_lr0.001.pth,0.001,dm8ovhqt,5,0.8321167883211679
p2_seed1,data/raw/p2_seed1.jpg,ResNet18,resnet18,Good,0.886003,0.113997,outputs/checkpoints/best_resnet18_lr0.001.pth,0.001,dm8ovhqt,5,0.8321167883211679
p2_seed10,data/raw/p2_seed10.jpg,ResNet18,resnet18,Good,0.83726,0.16274,outputs/checkpoints/best_resnet18_lr0.001.pth,0.001,dm8ovhqt,5,0.8321167883211679
p2_seed11,data/raw/p2_seed11.jpg,ResNet18,resnet18,Good,0.886129,0.113871,outputs/checkpoints/best_resnet18_lr0.001.pth,0.001,dm8ovhqt,5,0.8321167883211679
p2_seed12,data/raw/p2_seed12.jpg,ResNet18,resnet18,Good,0.963986,0.036014,outputs/checkpoints/best_resnet18_lr0.001.pth,0.001,dm8ovhqt,5,0.8321167883211679
p2_seed13,data/raw/p2_seed13.jpg,ResNet18,resnet18,Good,0.773298,0.226702,outputs/checkpoints/best_resnet18_lr0.001.pth,0.001,dm8ovhqt,5,0.8321167883211679
p2_seed14,data/raw/p2_seed14.jpg,ResNet18,resnet18,Bad,0.427434,0.572566,outputs/checkpoints/best_resnet18_lr0.001.pth,0.001,dm8ovhqt,5,0.8321167883211679
p2_seed15,data/raw/p2_seed15.jpg,ResNet18,resnet18,Good,0.935822,0.064178,outputs/checkpoints/best_resnet18_lr0.001.pth,0.001,dm8ovhqt,5,0.8321167883211679
p2_seed16,data/raw/p2_seed16.jpg,ResNet18,resnet18,Good,0.88175,0.11825,outputs/checkpoints/best_resnet18_lr0.001.pth,0.001,dm8ovhqt,5,0.8321167883211679
p2_seed17,data/raw/p2_seed17.jpg,ResNet18,resnet18,Bad,0.369292,0.630708,outputs/checkpoints/best_resnet18_lr0.001.pth,0.001,dm8ovhqt,5,0.8321167883211679
p2_seed18,data/raw/p2_seed18.jpg,ResNet18,resnet18,Bad,0.397843,0.602157,outputs/checkpoints/best_resnet18_lr0.001.pth,0.001,dm8ovhqt,5,0.8321167883211679
p2_seed19,data/raw/p2_seed19.jpg,ResNet18,resnet18,Good,0.821482,0.178518,outputs/checkpoints/best_resnet18_lr0.001.pth,0.001,dm8ovhqt,5,0.8321167883211679
p2_seed2,data/raw/p2_seed2.jpg,ResNet18,resnet18,Good,0.808907,0.191093,outputs/checkpoints/best_resnet18_lr0.001.pth,0.001,dm8ovhqt,5,0.8321167883211679
p2_seed20,data/raw/p2_seed20.jpg,ResNet18,resnet18,Good,0.953687,0.046313,outputs/checkpoints/best_resnet18_lr0.001.pth,0.001,dm8ovhqt,5,0.8321167883211679
p2_seed21,data/raw/p2_seed21.jpg,ResNet18,resnet18,Bad,0.49228,0.50772,outputs/checkpoints/best_resnet18_lr0.001.pth,0.001,dm8ovhqt,5,0.8321167883211679
p2_seed22,data/raw/p2_seed22.jpg,ResNet18,resnet18,Good,0.948846,0.051154,outputs/checkpoints/best_resnet18_lr0.001.pth,0.001,dm8ovhqt,5,0.8321167883211679
p2_seed23,data/raw/p2_seed23.jpg,ResNet18,resnet18,Good,0.976082,0.023918,outputs/checkpoints/best_resnet18_lr0.001.pth,0.001,dm8ovhqt,5,0.8321167883211679
p2_seed24,data/raw/p2_seed24.jpg,ResNet18,resnet18,Good,0.935473,0.064527,outputs/checkpoints/best_resnet18_lr0.001.pth,0.001,dm8ovhqt,5,0.8321167883211679
p2_seed25,data/raw/p2_seed25.jpg,ResNet18,resnet18,Good,0.862192,0.137808,outputs/checkpoints/best_resnet18_lr0.001.pth,0.001,dm8ovhqt,5,0.8321167883211679
p2_seed26,data/raw/p2_seed26.jpg,ResNet18,resnet18,Good,0.514913,0.485087,outputs/checkpoints/best_resnet18_lr0.001.pth,0.001,dm8ovhqt,5,0.8321167883211679
p2_seed27,data/raw/p2_seed27.jpg,ResNet18,resnet18,Good,0.892004,0.107996,outputs/checkpoints/best_resnet18_lr0.001.pth,0.001,dm8ovhqt,5,0.8321167883211679
p2_seed28,data/raw/p2_seed28.jpg,ResNet18,resnet18,Good,0.960898,0.039102,outputs/checkpoints/best_resnet18_lr0.001.pth,0.001,dm8ovhqt,5,0.8321167883211679
p2_seed29,data/raw/p2_seed29.jpg,ResNet18,resnet18,Good,0.80582,0.194179,outputs/checkpoints/best_resnet18_lr0.001.pth,0.001,dm8ovhqt,5,0.8321167883211679
p2_seed3,data/raw/p2_seed3.jpg,ResNet18,resnet18,Bad,0.412723,0.587277,outputs/checkpoints/best_resnet18_lr0.001.pth,0.001,dm8ovhqt,5,0.8321167883211679
p2_seed4,data/raw/p2_seed4.jpg,ResNet18,resnet18,Good,0.973888,0.026112,outputs/checkpoints/best_resnet18_lr0.001.pth,0.001,dm8ovhqt,5,0.8321167883211679
p2_seed5,data/raw/p2_seed5.jpg,ResNet18,resnet18,Good,0.930142,0.069858,outputs/checkpoints/best_resnet18_lr0.001.pth,0.001,dm8ovhqt,5,0.8321167883211679
p2_seed6,data/raw/p2_seed6.jpg,ResNet18,resnet18,Good,0.72167,0.27833,outputs/checkpoints/best_resnet18_lr0.001.pth,0.001,dm8ovhqt,5,0.8321167883211679
p2_seed7,data/raw/p2_seed7.jpg,ResNet18,resnet18,Good,0.798735,0.201265,outputs/checkpoints/best_resnet18_lr0.001.pth,0.001,dm8ovhqt,5,0.8321167883211679
p2_seed8,data/raw/p2_seed8.jpg,ResNet18,resnet18,Good,0.98863,0.01137,outputs/checkpoints/best_resnet18_lr0.001.pth,0.001,dm8ovhqt,5,0.8321167883211679
p2_seed9,data/raw/p2_seed9.jpg,ResNet18,resnet18,Good,0.910038,0.089962,outputs/checkpoints/best_resnet18_lr0.001.pth,0.001,dm8ovhqt,5,0.8321167883211679
p3_img0,data/raw/p3_img0.png,ResNet18,resnet18,Bad,0.322206,0.677794,outputs/checkpoints/best_resnet18_lr0.001.pth,0.001,dm8ovhqt,5,0.8321167883211679
p3_img1,data/raw/p3_img1.png,ResNet18,resnet18,Bad,0.443066,0.556933,outputs/checkpoints/best_resnet18_lr0.001.pth,0.001,dm8ovhqt,5,0.8321167883211679
p3_img10,data/raw/p3_img10.png,ResNet18,resnet18,Good,0.762522,0.237478,outputs/checkpoints/best_resnet18_lr0.001.pth,0.001,dm8ovhqt,5,0.8321167883211679
p3_img11,data/raw/p3_img11.png,ResNet18,resnet18,Good,0.642395,0.357605,outputs/checkpoints/best_resnet18_lr0.001.pth,0.001,dm8ovhqt,5,0.8321167883211679
p3_img12,data/raw/p3_img12.png,ResNet18,resnet18,Good,0.545637,0.454363,outputs/checkpoints/best_resnet18_lr0.001.pth,0.001,dm8ovhqt,5,0.8321167883211679
p3_img13,data/raw/p3_img13.png,ResNet18,resnet18,Good,0.936013,0.063987,outputs/checkpoints/best_resnet18_lr0.001.pth,0.001,dm8ovhqt,5,0.8321167883211679
p3_img14,data/raw/p3_img14.png,ResNet18,resnet18,Good,0.695304,0.304696,outputs/checkpoints/best_resnet18_lr0.001.pth,0.001,dm8ovhqt,5,0.8321167883211679
p3_img15,data/raw/p3_img15.png,ResNet18,resnet18,Good,0.936805,0.063195,outputs/checkpoints/best_resnet18_lr0.001.pth,0.001,dm8ovhqt,5,0.8321167883211679
p3_img16,data/raw/p3_img16.png,ResNet18,resnet18,Good,0.966716,0.033284,outputs/checkpoints/best_resnet18_lr0.001.pth,0.001,dm8ovhqt,5,0.8321167883211679
p3_img17,data/raw/p3_img17.png,ResNet18,resnet18,Good,0.788206,0.211794,outputs/checkpoints/best_resnet18_lr0.001.pth,0.001,dm8ovhqt,5,0.8321167883211679
p3_img18,data/raw/p3_img18.png,ResNet18,resnet18,Bad,0.317691,0.682309,outputs/checkpoints/best_resnet18_lr0.001.pth,0.001,dm8ovhqt,5,0.8321167883211679
p3_img19,data/raw/p3_img19.png,ResNet18,resnet18,Bad,0.457588,0.542412,outputs/checkpoints/best_resnet18_lr0.001.pth,0.001,dm8ovhqt,5,0.8321167883211679
p3_img2,data/raw/p3_img2.png,ResNet18,resnet18,Bad,0.223876,0.776124,outputs/checkpoints/best_resnet18_lr0.001.pth,0.001,dm8ovhqt,5,0.8321167883211679
p3_img20,data/raw/p3_img20.png,ResNet18,resnet18,Bad,0.405694,0.594307,outputs/checkpoints/best_resnet18_lr0.001.pth,0.001,dm8ovhqt,5,0.8321167883211679
p3_img21,data/raw/p3_img21.png,ResNet18,resnet18,Good,0.983792,0.016208,outputs/checkpoints/best_resnet18_lr0.001.pth,0.001,dm8ovhqt,5,0.8321167883211679
p3_img22,data/raw/p3_img22.png,ResNet18,resnet18,Good,0.713721,0.286279,outputs/checkpoints/best_resnet18_lr0.001.pth,0.001,dm8ovhqt,5,0.8321167883211679
p3_img23,data/raw/p3_img23.png,ResNet18,resnet18,Good,0.844885,0.155115,outputs/checkpoints/best_resnet18_lr0.001.pth,0.001,dm8ovhqt,5,0.8321167883211679
p3_img24,data/raw/p3_img24.png,ResNet18,resnet18,Good,0.890684,0.109316,outputs/checkpoints/best_resnet18_lr0.001.pth,0.001,dm8ovhqt,5,0.8321167883211679
p3_img25,data/raw/p3_img25.png,ResNet18,resnet18,Good,0.830255,0.169745,outputs/checkpoints/best_resnet18_lr0.001.pth,0.001,dm8ovhqt,5,0.8321167883211679
p3_img26,data/raw/p3_img26.png,ResNet18,resnet18,Good,0.886408,0.113592,outputs/checkpoints/best_resnet18_lr0.001.pth,0.001,dm8ovhqt,5,0.8321167883211679
p3_img27,data/raw/p3_img27.png,ResNet18,resnet18,Good,0.750575,0.249425,outputs/checkpoints/best_resnet18_lr0.001.pth,0.001,dm8ovhqt,5,0.8321167883211679
p3_img28,data/raw/p3_img28.png,ResNet18,resnet18,Good,0.570974,0.429026,outputs/checkpoints/best_resnet18_lr0.001.pth,0.001,dm8ovhqt,5,0.8321167883211679
p3_img29,data/raw/p3_img29.png,ResNet18,resnet18,Good,0.914255,0.085745,outputs/checkpoints/best_resnet18_lr0.001.pth,0.001,dm8ovhqt,5,0.8321167883211679
p3_img3,data/raw/p3_img3.png,ResNet18,resnet18,Bad,0.338979,0.661021,outputs/checkpoints/best_resnet18_lr0.001.pth,0.001,dm8ovhqt,5,0.8321167883211679
p3_img4,data/raw/p3_img4.png,ResNet18,resnet18,Bad,0.339805,0.660195,outputs/checkpoints/best_resnet18_lr0.001.pth,0.001,dm8ovhqt,5,0.8321167883211679
p3_img5,data/raw/p3_img5.png,ResNet18,resnet18,Good,0.873052,0.126948,outputs/checkpoints/best_resnet18_lr0.001.pth,0.001,dm8ovhqt,5,0.8321167883211679
p3_img6,data/raw/p3_img6.png,ResNet18,resnet18,Good,0.924974,0.075026,outputs/checkpoints/best_resnet18_lr0.001.pth,0.001,dm8ovhqt,5,0.8321167883211679
p3_img7,data/raw/p3_img7.png,ResNet18,resnet18,Good,0.642177,0.357823,outputs/checkpoints/best_resnet18_lr0.001.pth,0.001,dm8ovhqt,5,0.8321167883211679
p3_img8,data/raw/p3_img8.png,ResNet18,resnet18,Good,0.988645,0.011355,outputs/checkpoints/best_resnet18_lr0.001.pth,0.001,dm8ovhqt,5,0.8321167883211679
p3_img9,data/raw/p3_img9.png,ResNet18,resnet18,Good,0.789752,0.210248,outputs/checkpoints/best_resnet18_lr0.001.pth,0.001,dm8ovhqt,5,0.8321167883211679
p3_seed0,data/raw/p3_seed0.jpg,ResNet18,resnet18,Good,0.753756,0.246244,outputs/checkpoints/best_resnet18_lr0.001.pth,0.001,dm8ovhqt,5,0.8321167883211679
p3_seed1,data/raw/p3_seed1.jpg,ResNet18,resnet18,Good,0.784494,0.215506,outputs/checkpoints/best_resnet18_lr0.001.pth,0.001,dm8ovhqt,5,0.8321167883211679
p3_seed10,data/raw/p3_seed10.jpg,ResNet18,resnet18,Good,0.938435,0.061565,outputs/checkpoints/best_resnet18_lr0.001.pth,0.001,dm8ovhqt,5,0.8321167883211679
p3_seed11,data/raw/p3_seed11.jpg,ResNet18,resnet18,Good,0.52661,0.47339,outputs/checkpoints/best_resnet18_lr0.001.pth,0.001,dm8ovhqt,5,0.8321167883211679
p3_seed12,data/raw/p3_seed12.jpg,ResNet18,resnet18,Bad,0.20571,0.79429,outputs/checkpoints/best_resnet18_lr0.001.pth,0.001,dm8ovhqt,5,0.8321167883211679
p3_seed13,data/raw/p3_seed13.jpg,ResNet18,resnet18,Good,0.578667,0.421332,outputs/checkpoints/best_resnet18_lr0.001.pth,0.001,dm8ovhqt,5,0.8321167883211679
p3_seed14,data/raw/p3_seed14.jpg,ResNet18,resnet18,Bad,0.313644,0.686356,outputs/checkpoints/best_resnet18_lr0.001.pth,0.001,dm8ovhqt,5,0.8321167883211679
p3_seed15,data/raw/p3_seed15.jpg,ResNet18,resnet18,Good,0.787706,0.212294,outputs/checkpoints/best_resnet18_lr0.001.pth,0.001,dm8ovhqt,5,0.8321167883211679
p3_seed16,data/raw/p3_seed16.jpg,ResNet18,resnet18,Good,0.880541,0.119459,outputs/checkpoints/best_resnet18_lr0.001.pth,0.001,dm8ovhqt,5,0.8321167883211679
p3_seed17,data/raw/p3_seed17.jpg,ResNet18,resnet18,Good,0.579028,0.420972,outputs/checkpoints/best_resnet18_lr0.001.pth,0.001,dm8ovhqt,5,0.8321167883211679
p3_seed18,data/raw/p3_seed18.jpg,ResNet18,resnet18,Bad,0.298018,0.701982,outputs/checkpoints/best_resnet18_lr0.001.pth,0.001,dm8ovhqt,5,0.8321167883211679
p3_seed19,data/raw/p3_seed19.jpg,ResNet18,resnet18,Good,0.637392,0.362608,outputs/checkpoints/best_resnet18_lr0.001.pth,0.001,dm8ovhqt,5,0.8321167883211679
p3_seed2,data/raw/p3_seed2.jpg,ResNet18,resnet18,Bad,0.254162,0.745838,outputs/checkpoints/best_resnet18_lr0.001.pth,0.001,dm8ovhqt,5,0.8321167883211679
p3_seed20,data/raw/p3_seed20.jpg,ResNet18,resnet18,Good,0.956437,0.043563,outputs/checkpoints/best_resnet18_lr0.001.pth,0.001,dm8ovhqt,5,0.8321167883211679
p3_seed21,data/raw/p3_seed21.jpg,ResNet18,resnet18,Bad,0.307268,0.692732,outputs/checkpoints/best_resnet18_lr0.001.pth,0.001,dm8ovhqt,5,0.8321167883211679
p3_seed22,data/raw/p3_seed22.jpg,ResNet18,resnet18,Bad,0.470458,0.529542,outputs/checkpoints/best_resnet18_lr0.001.pth,0.001,dm8ovhqt,5,0.8321167883211679
p3_seed23,data/raw/p3_seed23.jpg,ResNet18,resnet18,Good,0.651616,0.348384,outputs/checkpoints/best_resnet18_lr0.001.pth,0.001,dm8ovhqt,5,0.8321167883211679
p3_seed24,data/raw/p3_seed24.jpg,ResNet18,resnet18,Bad,0.490324,0.509676,outputs/checkpoints/best_resnet18_lr0.001.pth,0.001,dm8ovhqt,5,0.8321167883211679
p3_seed25,data/raw/p3_seed25.jpg,ResNet18,resnet18,Bad,0.368069,0.631931,outputs/checkpoints/best_resnet18_lr0.001.pth,0.001,dm8ovhqt,5,0.8321167883211679
p3_seed26,data/raw/p3_seed26.jpg,ResNet18,resnet18,Bad,0.375091,0.624909,outputs/checkpoints/best_resnet18_lr0.001.pth,0.001,dm8ovhqt,5,0.8321167883211679
p3_seed27,data/raw/p3_seed27.jpg,ResNet18,resnet18,Good,0.653824,0.346176,outputs/checkpoints/best_resnet18_lr0.001.pth,0.001,dm8ovhqt,5,0.8321167883211679
p3_seed28,data/raw/p3_seed28.jpg,ResNet18,resnet18,Good,0.874844,0.125156,outputs/checkpoints/best_resnet18_lr0.001.pth,0.001,dm8ovhqt,5,0.8321167883211679
p3_seed29,data/raw/p3_seed29.jpg,ResNet18,resnet18,Bad,0.492546,0.507454,outputs/checkpoints/best_resnet18_lr0.001.pth,0.001,dm8ovhqt,5,0.8321167883211679
p3_seed3,data/raw/p3_seed3.jpg,ResNet18,resnet18,Bad,0.009986,0.990014,outputs/checkpoints/best_resnet18_lr0.001.pth,0.001,dm8ovhqt,5,0.8321167883211679
p3_seed4,data/raw/p3_seed4.jpg,ResNet18,resnet18,Good,0.711612,0.288388,outputs/checkpoints/best_resnet18_lr0.001.pth,0.001,dm8ovhqt,5,0.8321167883211679
p3_seed5,data/raw/p3_seed5.jpg,ResNet18,resnet18,Good,0.547363,0.452637,outputs/checkpoints/best_resnet18_lr0.001.pth,0.001,dm8ovhqt,5,0.8321167883211679
p3_seed6,data/raw/p3_seed6.jpg,ResNet18,resnet18,Good,0.665934,0.334066,outputs/checkpoints/best_resnet18_lr0.001.pth,0.001,dm8ovhqt,5,0.8321167883211679
p3_seed7,data/raw/p3_seed7.jpg,ResNet18,resnet18,Bad,0.074508,0.925492,outputs/checkpoints/best_resnet18_lr0.001.pth,0.001,dm8ovhqt,5,0.8321167883211679
p3_seed8,data/raw/p3_seed8.jpg,ResNet18,resnet18,Good,0.709264,0.290736,outputs/checkpoints/best_resnet18_lr0.001.pth,0.001,dm8ovhqt,5,0.8321167883211679
p3_seed9,data/raw/p3_seed9.jpg,ResNet18,resnet18,Bad,0.289624,0.710376,outputs/checkpoints/best_resnet18_lr0.001.pth,0.001,dm8ovhqt,5,0.8321167883211679
p4_img0,data/raw/p4_img0.png,ResNet18,resnet18,Good,0.936073,0.063927,outputs/checkpoints/best_resnet18_lr0.001.pth,0.001,dm8ovhqt,5,0.8321167883211679
p4_img1,data/raw/p4_img1.png,ResNet18,resnet18,Good,0.706286,0.293714,outputs/checkpoints/best_resnet18_lr0.001.pth,0.001,dm8ovhqt,5,0.8321167883211679
p4_img10,data/raw/p4_img10.png,ResNet18,resnet18,Good,0.966857,0.033143,outputs/checkpoints/best_resnet18_lr0.001.pth,0.001,dm8ovhqt,5,0.8321167883211679
p4_img11,data/raw/p4_img11.png,ResNet18,resnet18,Good,0.99709,0.00291,outputs/checkpoints/best_resnet18_lr0.001.pth,0.001,dm8ovhqt,5,0.8321167883211679
p4_img12,data/raw/p4_img12.png,ResNet18,resnet18,Good,0.959439,0.040561,outputs/checkpoints/best_resnet18_lr0.001.pth,0.001,dm8ovhqt,5,0.8321167883211679
p4_img13,data/raw/p4_img13.png,ResNet18,resnet18,Good,0.995163,0.004837,outputs/checkpoints/best_resnet18_lr0.001.pth,0.001,dm8ovhqt,5,0.8321167883211679
p4_img14,data/raw/p4_img14.png,ResNet18,resnet18,Good,0.930648,0.069352,outputs/checkpoints/best_resnet18_lr0.001.pth,0.001,dm8ovhqt,5,0.8321167883211679
p4_img15,data/raw/p4_img15.png,ResNet18,resnet18,Good,0.927197,0.072803,outputs/checkpoints/best_resnet18_lr0.001.pth,0.001,dm8ovhqt,5,0.8321167883211679
p4_img16,data/raw/p4_img16.png,ResNet18,resnet18,Good,0.986014,0.013986,outputs/checkpoints/best_resnet18_lr0.001.pth,0.001,dm8ovhqt,5,0.8321167883211679
p4_img17,data/raw/p4_img17.png,ResNet18,resnet18,Good,0.939714,0.060286,outputs/checkpoints/best_resnet18_lr0.001.pth,0.001,dm8ovhqt,5,0.8321167883211679
p4_img18,data/raw/p4_img18.png,ResNet18,resnet18,Good,0.908749,0.091251,outputs/checkpoints/best_resnet18_lr0.001.pth,0.001,dm8ovhqt,5,0.8321167883211679
p4_img19,data/raw/p4_img19.png,ResNet18,resnet18,Good,0.971023,0.028977,outputs/checkpoints/best_resnet18_lr0.001.pth,0.001,dm8ovhqt,5,0.8321167883211679
p4_img2,data/raw/p4_img2.png,ResNet18,resnet18,Good,0.933972,0.066028,outputs/checkpoints/best_resnet18_lr0.001.pth,0.001,dm8ovhqt,5,0.8321167883211679
p4_img20,data/raw/p4_img20.png,ResNet18,resnet18,Good,0.972897,0.027103,outputs/checkpoints/best_resnet18_lr0.001.pth,0.001,dm8ovhqt,5,0.8321167883211679
p4_img21,data/raw/p4_img21.png,ResNet18,resnet18,Good,0.973554,0.026446,outputs/checkpoints/best_resnet18_lr0.001.pth,0.001,dm8ovhqt,5,0.8321167883211679
p4_img22,data/raw/p4_img22.png,ResNet18,resnet18,Good,0.938744,0.061256,outputs/checkpoints/best_resnet18_lr0.001.pth,0.001,dm8ovhqt,5,0.8321167883211679
p4_img23,data/raw/p4_img23.png,ResNet18,resnet18,Good,0.977941,0.022059,outputs/checkpoints/best_resnet18_lr0.001.pth,0.001,dm8ovhqt,5,0.8321167883211679
p4_img24,data/raw/p4_img24.png,ResNet18,resnet18,Good,0.918927,0.081073,outputs/checkpoints/best_resnet18_lr0.001.pth,0.001,dm8ovhqt,5,0.8321167883211679
p4_img25,data/raw/p4_img25.png,ResNet18,resnet18,Good,0.870414,0.129586,outputs/checkpoints/best_resnet18_lr0.001.pth,0.001,dm8ovhqt,5,0.8321167883211679
p4_img26,data/raw/p4_img26.png,ResNet18,resnet18,Good,0.995705,0.004295,outputs/checkpoints/best_resnet18_lr0.001.pth,0.001,dm8ovhqt,5,0.8321167883211679
p4_img27,data/raw/p4_img27.png,ResNet18,resnet18,Good,0.967412,0.032588,outputs/checkpoints/best_resnet18_lr0.001.pth,0.001,dm8ovhqt,5,0.8321167883211679
p4_img28,data/raw/p4_img28.png,ResNet18,resnet18,Good,0.985237,0.014763,outputs/checkpoints/best_resnet18_lr0.001.pth,0.001,dm8ovhqt,5,0.8321167883211679
p4_img29,data/raw/p4_img29.png,ResNet18,resnet18,Good,0.98538,0.01462,outputs/checkpoints/best_resnet18_lr0.001.pth,0.001,dm8ovhqt,5,0.8321167883211679
p4_img3,data/raw/p4_img3.png,ResNet18,resnet18,Good,0.932313,0.067687,outputs/checkpoints/best_resnet18_lr0.001.pth,0.001,dm8ovhqt,5,0.8321167883211679
p4_img4,data/raw/p4_img4.png,ResNet18,resnet18,Good,0.960043,0.039957,outputs/checkpoints/best_resnet18_lr0.001.pth,0.001,dm8ovhqt,5,0.8321167883211679
p4_img5,data/raw/p4_img5.png,ResNet18,resnet18,Good,0.966089,0.033911,outputs/checkpoints/best_resnet18_lr0.001.pth,0.001,dm8ovhqt,5,0.8321167883211679
p4_img6,data/raw/p4_img6.png,ResNet18,resnet18,Good,0.98533,0.01467,outputs/checkpoints/best_resnet18_lr0.001.pth,0.001,dm8ovhqt,5,0.8321167883211679
p4_img7,data/raw/p4_img7.png,ResNet18,resnet18,Good,0.986134,0.013866,outputs/checkpoints/best_resnet18_lr0.001.pth,0.001,dm8ovhqt,5,0.8321167883211679
p4_img8,data/raw/p4_img8.png,ResNet18,resnet18,Good,0.996881,0.003119,outputs/checkpoints/best_resnet18_lr0.001.pth,0.001,dm8ovhqt,5,0.8321167883211679
p4_img9,data/raw/p4_img9.png,ResNet18,resnet18,Good,0.992135,0.007865,outputs/checkpoints/best_resnet18_lr0.001.pth,0.001,dm8ovhqt,5,0.8321167883211679
p4_seed0,data/raw/p4_seed0.jpg,ResNet18,resnet18,Good,0.968846,0.031154,outputs/checkpoints/best_resnet18_lr0.001.pth,0.001,dm8ovhqt,5,0.8321167883211679
p4_seed1,data/raw/p4_seed1.jpg,ResNet18,resnet18,Good,0.96857,0.03143,outputs/checkpoints/best_resnet18_lr0.001.pth,0.001,dm8ovhqt,5,0.8321167883211679
p4_seed10,data/raw/p4_seed10.jpg,ResNet18,resnet18,Good,0.9042,0.0958,outputs/checkpoints/best_resnet18_lr0.001.pth,0.001,dm8ovhqt,5,0.8321167883211679
p4_seed11,data/raw/p4_seed11.jpg,ResNet18,resnet18,Good,0.805814,0.194186,outputs/checkpoints/best_resnet18_lr0.001.pth,0.001,dm8ovhqt,5,0.8321167883211679
p4_seed12,data/raw/p4_seed12.jpg,ResNet18,resnet18,Good,0.856693,0.143307,outputs/checkpoints/best_resnet18_lr0.001.pth,0.001,dm8ovhqt,5,0.8321167883211679
p4_seed13,data/raw/p4_seed13.jpg,ResNet18,resnet18,Good,0.99145,0.00855,outputs/checkpoints/best_resnet18_lr0.001.pth,0.001,dm8ovhqt,5,0.8321167883211679
p4_seed14,data/raw/p4_seed14.jpg,ResNet18,resnet18,Good,0.865443,0.134557,outputs/checkpoints/best_resnet18_lr0.001.pth,0.001,dm8ovhqt,5,0.8321167883211679
p4_seed15,data/raw/p4_seed15.jpg,ResNet18,resnet18,Good,0.886859,0.113141,outputs/checkpoints/best_resnet18_lr0.001.pth,0.001,dm8ovhqt,5,0.8321167883211679
p4_seed16,data/raw/p4_seed16.jpg,ResNet18,resnet18,Good,0.981198,0.018802,outputs/checkpoints/best_resnet18_lr0.001.pth,0.001,dm8ovhqt,5,0.8321167883211679
p4_seed17,data/raw/p4_seed17.jpg,ResNet18,resnet18,Bad,0.260386,0.739614,outputs/checkpoints/best_resnet18_lr0.001.pth,0.001,dm8ovhqt,5,0.8321167883211679
p4_seed18,data/raw/p4_seed18.jpg,ResNet18,resnet18,Good,0.996507,0.003493,outputs/checkpoints/best_resnet18_lr0.001.pth,0.001,dm8ovhqt,5,0.8321167883211679
p4_seed19,data/raw/p4_seed19.jpg,ResNet18,resnet18,Good,0.997976,0.002024,outputs/checkpoints/best_resnet18_lr0.001.pth,0.001,dm8ovhqt,5,0.8321167883211679
p4_seed2,data/raw/p4_seed2.jpg,ResNet18,resnet18,Good,0.991116,0.008884,outputs/checkpoints/best_resnet18_lr0.001.pth,0.001,dm8ovhqt,5,0.8321167883211679
p4_seed20,data/raw/p4_seed20.jpg,ResNet18,resnet18,Good,0.985376,0.014624,outputs/checkpoints/best_resnet18_lr0.001.pth,0.001,dm8ovhqt,5,0.8321167883211679
p4_seed21,data/raw/p4_seed21.jpg,ResNet18,resnet18,Good,0.535873,0.464127,outputs/checkpoints/best_resnet18_lr0.001.pth,0.001,dm8ovhqt,5,0.8321167883211679
p4_seed22,data/raw/p4_seed22.jpg,ResNet18,resnet18,Good,0.984475,0.015525,outputs/checkpoints/best_resnet18_lr0.001.pth,0.001,dm8ovhqt,5,0.8321167883211679
p4_seed23,data/raw/p4_seed23.jpg,ResNet18,resnet18,Good,0.954316,0.045684,outputs/checkpoints/best_resnet18_lr0.001.pth,0.001,dm8ovhqt,5,0.8321167883211679
p4_seed24,data/raw/p4_seed24.jpg,ResNet18,resnet18,Good,0.822513,0.177487,outputs/checkpoints/best_resnet18_lr0.001.pth,0.001,dm8ovhqt,5,0.8321167883211679
p4_seed25,data/raw/p4_seed25.jpg,ResNet18,resnet18,Good,0.943726,0.056274,outputs/checkpoints/best_resnet18_lr0.001.pth,0.001,dm8ovhqt,5,0.8321167883211679
p4_seed26,data/raw/p4_seed26.jpg,ResNet18,resnet18,Good,0.999866,0.000135,outputs/checkpoints/best_resnet18_lr0.001.pth,0.001,dm8ovhqt,5,0.8321167883211679
p4_seed27,data/raw/p4_seed27.jpg,ResNet18,resnet18,Good,0.985854,0.014146,outputs/checkpoints/best_resnet18_lr0.001.pth,0.001,dm8ovhqt,5,0.8321167883211679
p4_seed28,data/raw/p4_seed28.jpg,ResNet18,resnet18,Good,0.925827,0.074173,outputs/checkpoints/best_resnet18_lr0.001.pth,0.001,dm8ovhqt,5,0.8321167883211679
p4_seed29,data/raw/p4_seed29.jpg,ResNet18,resnet18,Good,0.992249,0.007751,outputs/checkpoints/best_resnet18_lr0.001.pth,0.001,dm8ovhqt,5,0.8321167883211679
p4_seed3,data/raw/p4_seed3.jpg,ResNet18,resnet18,Bad,0.447355,0.552645,outputs/checkpoints/best_resnet18_lr0.001.pth,0.001,dm8ovhqt,5,0.8321167883211679
p4_seed4,data/raw/p4_seed4.jpg,ResNet18,resnet18,Good,0.991969,0.008031,outputs/checkpoints/best_resnet18_lr0.001.pth,0.001,dm8ovhqt,5,0.8321167883211679
p4_seed5,data/raw/p4_seed5.jpg,ResNet18,resnet18,Good,0.892107,0.107893,outputs/checkpoints/best_resnet18_lr0.001.pth,0.001,dm8ovhqt,5,0.8321167883211679
p4_seed6,data/raw/p4_seed6.jpg,ResNet18,resnet18,Good,0.867285,0.132715,outputs/checkpoints/best_resnet18_lr0.001.pth,0.001,dm8ovhqt,5,0.8321167883211679
p4_seed7,data/raw/p4_seed7.jpg,ResNet18,resnet18,Good,0.964512,0.035488,outputs/checkpoints/best_resnet18_lr0.001.pth,0.001,dm8ovhqt,5,0.8321167883211679
p4_seed8,data/raw/p4_seed8.jpg,ResNet18,resnet18,Good,0.993472,0.006529,outputs/checkpoints/best_resnet18_lr0.001.pth,0.001,dm8ovhqt,5,0.8321167883211679
p4_seed9,data/raw/p4_seed9.jpg,ResNet18,resnet18,Good,0.971776,0.028224,outputs/checkpoints/best_resnet18_lr0.001.pth,0.001,dm8ovhqt,5,0.8321167883211679
p5_img0,data/raw/p5_img0.png,ResNet18,resnet18,Bad,0.143944,0.856056,outputs/checkpoints/best_resnet18_lr0.001.pth,0.001,dm8ovhqt,5,0.8321167883211679
p5_img1,data/raw/p5_img1.png,ResNet18,resnet18,Bad,0.081355,0.918645,outputs/checkpoints/best_resnet18_lr0.001.pth,0.001,dm8ovhqt,5,0.8321167883211679
p5_img10,data/raw/p5_img10.png,ResNet18,resnet18,Bad,0.141522,0.858478,outputs/checkpoints/best_resnet18_lr0.001.pth,0.001,dm8ovhqt,5,0.8321167883211679
p5_img11,data/raw/p5_img11.png,ResNet18,resnet18,Bad,0.101357,0.898643,outputs/checkpoints/best_resnet18_lr0.001.pth,0.001,dm8ovhqt,5,0.8321167883211679
p5_img12,data/raw/p5_img12.png,ResNet18,resnet18,Bad,0.33281,0.66719,outputs/checkpoints/best_resnet18_lr0.001.pth,0.001,dm8ovhqt,5,0.8321167883211679
p5_img13,data/raw/p5_img13.png,ResNet18,resnet18,Good,0.756915,0.243085,outputs/checkpoints/best_resnet18_lr0.001.pth,0.001,dm8ovhqt,5,0.8321167883211679
p5_img14,data/raw/p5_img14.png,ResNet18,resnet18,Bad,0.215444,0.784556,outputs/checkpoints/best_resnet18_lr0.001.pth,0.001,dm8ovhqt,5,0.8321167883211679
p5_img15,data/raw/p5_img15.png,ResNet18,resnet18,Bad,0.208981,0.791019,outputs/checkpoints/best_resnet18_lr0.001.pth,0.001,dm8ovhqt,5,0.8321167883211679
p5_img16,data/raw/p5_img16.png,ResNet18,resnet18,Bad,0.061577,0.938424,outputs/checkpoints/best_resnet18_lr0.001.pth,0.001,dm8ovhqt,5,0.8321167883211679
p5_img17,data/raw/p5_img17.png,ResNet18,resnet18,Bad,0.055024,0.944976,outputs/checkpoints/best_resnet18_lr0.001.pth,0.001,dm8ovhqt,5,0.8321167883211679
p5_img18,data/raw/p5_img18.png,ResNet18,resnet18,Bad,0.132052,0.867948,outputs/checkpoints/best_resnet18_lr0.001.pth,0.001,dm8ovhqt,5,0.8321167883211679
p5_img19,data/raw/p5_img19.png,ResNet18,resnet18,Bad,0.201479,0.798521,outputs/checkpoints/best_resnet18_lr0.001.pth,0.001,dm8ovhqt,5,0.8321167883211679
p5_img2,data/raw/p5_img2.png,ResNet18,resnet18,Bad,0.253443,0.746557,outputs/checkpoints/best_resnet18_lr0.001.pth,0.001,dm8ovhqt,5,0.8321167883211679
p5_img20,data/raw/p5_img20.png,ResNet18,resnet18,Bad,0.136207,0.863793,outputs/checkpoints/best_resnet18_lr0.001.pth,0.001,dm8ovhqt,5,0.8321167883211679
p5_img21,data/raw/p5_img21.png,ResNet18,resnet18,Bad,0.069662,0.930338,outputs/checkpoints/best_resnet18_lr0.001.pth,0.001,dm8ovhqt,5,0.8321167883211679
p5_img22,data/raw/p5_img22.png,ResNet18,resnet18,Bad,0.137728,0.862272,outputs/checkpoints/best_resnet18_lr0.001.pth,0.001,dm8ovhqt,5,0.8321167883211679
p5_img23,data/raw/p5_img23.png,ResNet18,resnet18,Bad,0.075546,0.924454,outputs/checkpoints/best_resnet18_lr0.001.pth,0.001,dm8ovhqt,5,0.8321167883211679
p5_img24,data/raw/p5_img24.png,ResNet18,resnet18,Good,0.700536,0.299464,outputs/checkpoints/best_resnet18_lr0.001.pth,0.001,dm8ovhqt,5,0.8321167883211679
p5_img25,data/raw/p5_img25.png,ResNet18,resnet18,Bad,0.05047,0.94953,outputs/checkpoints/best_resnet18_lr0.001.pth,0.001,dm8ovhqt,5,0.8321167883211679
p5_img26,data/raw/p5_img26.png,ResNet18,resnet18,Good,0.859151,0.140849,outputs/checkpoints/best_resnet18_lr0.001.pth,0.001,dm8ovhqt,5,0.8321167883211679
p5_img27,data/raw/p5_img27.png,ResNet18,resnet18,Bad,0.046296,0.953704,outputs/checkpoints/best_resnet18_lr0.001.pth,0.001,dm8ovhqt,5,0.8321167883211679
p5_img28,data/raw/p5_img28.png,ResNet18,resnet18,Bad,0.088724,0.911276,outputs/checkpoints/best_resnet18_lr0.001.pth,0.001,dm8ovhqt,5,0.8321167883211679
p5_img29,data/raw/p5_img29.png,ResNet18,resnet18,Good,0.859027,0.140973,outputs/checkpoints/best_resnet18_lr0.001.pth,0.001,dm8ovhqt,5,0.8321167883211679
p5_img3,data/raw/p5_img3.png,ResNet18,resnet18,Bad,0.042281,0.957719,outputs/checkpoints/best_resnet18_lr0.001.pth,0.001,dm8ovhqt,5,0.8321167883211679
p5_img4,data/raw/p5_img4.png,ResNet18,resnet18,Bad,0.090067,0.909933,outputs/checkpoints/best_resnet18_lr0.001.pth,0.001,dm8ovhqt,5,0.8321167883211679
p5_img5,data/raw/p5_img5.png,ResNet18,resnet18,Bad,0.053804,0.946196,outputs/checkpoints/best_resnet18_lr0.001.pth,0.001,dm8ovhqt,5,0.8321167883211679
p5_img6,data/raw/p5_img6.png,ResNet18,resnet18,Bad,0.489057,0.510943,outputs/checkpoints/best_resnet18_lr0.001.pth,0.001,dm8ovhqt,5,0.8321167883211679
p5_img7,data/raw/p5_img7.png,ResNet18,resnet18,Bad,0.099763,0.900237,outputs/checkpoints/best_resnet18_lr0.001.pth,0.001,dm8ovhqt,5,0.8321167883211679
p5_img8,data/raw/p5_img8.png,ResNet18,resnet18,Bad,0.387812,0.612188,outputs/checkpoints/best_resnet18_lr0.001.pth,0.001,dm8ovhqt,5,0.8321167883211679
p5_img9,data/raw/p5_img9.png,ResNet18,resnet18,Bad,0.056036,0.943964,outputs/checkpoints/best_resnet18_lr0.001.pth,0.001,dm8ovhqt,5,0.8321167883211679
p5_seed0,data/raw/p5_seed0.jpg,ResNet18,resnet18,Good,0.929371,0.070629,outputs/checkpoints/best_resnet18_lr0.001.pth,0.001,dm8ovhqt,5,0.8321167883211679
p5_seed1,data/raw/p5_seed1.jpg,ResNet18,resnet18,Bad,0.351814,0.648186,outputs/checkpoints/best_resnet18_lr0.001.pth,0.001,dm8ovhqt,5,0.8321167883211679
p5_seed10,data/raw/p5_seed10.jpg,ResNet18,resnet18,Bad,0.093009,0.906991,outputs/checkpoints/best_resnet18_lr0.001.pth,0.001,dm8ovhqt,5,0.8321167883211679
p5_seed11,data/raw/p5_seed11.jpg,ResNet18,resnet18,Bad,0.27513,0.72487,outputs/checkpoints/best_resnet18_lr0.001.pth,0.001,dm8ovhqt,5,0.8321167883211679
p5_seed12,data/raw/p5_seed12.jpg,ResNet18,resnet18,Bad,0.235329,0.764671,outputs/checkpoints/best_resnet18_lr0.001.pth,0.001,dm8ovhqt,5,0.8321167883211679
p5_seed13,data/raw/p5_seed13.jpg,ResNet18,resnet18,Good,0.865905,0.134095,outputs/checkpoints/best_resnet18_lr0.001.pth,0.001,dm8ovhqt,5,0.8321167883211679
p5_seed14,data/raw/p5_seed14.jpg,ResNet18,resnet18,Good,0.53021,0.46979,outputs/checkpoints/best_resnet18_lr0.001.pth,0.001,dm8ovhqt,5,0.8321167883211679
p5_seed15,data/raw/p5_seed15.jpg,ResNet18,resnet18,Good,0.967012,0.032988,outputs/checkpoints/best_resnet18_lr0.001.pth,0.001,dm8ovhqt,5,0.8321167883211679
p5_seed16,data/raw/p5_seed16.jpg,ResNet18,resnet18,Good,0.940541,0.059459,outputs/checkpoints/best_resnet18_lr0.001.pth,0.001,dm8ovhqt,5,0.8321167883211679
p5_seed17,data/raw/p5_seed17.jpg,ResNet18,resnet18,Bad,0.118606,0.881394,outputs/checkpoints/best_resnet18_lr0.001.pth,0.001,dm8ovhqt,5,0.8321167883211679
p5_seed18,data/raw/p5_seed18.jpg,ResNet18,resnet18,Bad,0.223519,0.776481,outputs/checkpoints/best_resnet18_lr0.001.pth,0.001,dm8ovhqt,5,0.8321167883211679
p5_seed19,data/raw/p5_seed19.jpg,ResNet18,resnet18,Good,0.791016,0.208984,outputs/checkpoints/best_resnet18_lr0.001.pth,0.001,dm8ovhqt,5,0.8321167883211679
p5_seed2,data/raw/p5_seed2.jpg,ResNet18,resnet18,Bad,0.069856,0.930144,outputs/checkpoints/best_resnet18_lr0.001.pth,0.001,dm8ovhqt,5,0.8321167883211679
p5_seed20,data/raw/p5_seed20.jpg,ResNet18,resnet18,Good,0.971553,0.028447,outputs/checkpoints/best_resnet18_lr0.001.pth,0.001,dm8ovhqt,5,0.8321167883211679
p5_seed21,data/raw/p5_seed21.jpg,ResNet18,resnet18,Bad,0.244478,0.755522,outputs/checkpoints/best_resnet18_lr0.001.pth,0.001,dm8ovhqt,5,0.8321167883211679
p5_seed22,data/raw/p5_seed22.jpg,ResNet18,resnet18,Good,0.849229,0.150771,outputs/checkpoints/best_resnet18_lr0.001.pth,0.001,dm8ovhqt,5,0.8321167883211679
p5_seed23,data/raw/p5_seed23.jpg,ResNet18,resnet18,Good,0.982974,0.017026,outputs/checkpoints/best_resnet18_lr0.001.pth,0.001,dm8ovhqt,5,0.8321167883211679
p5_seed24,data/raw/p5_seed24.jpg,ResNet18,resnet18,Good,0.828491,0.171509,outputs/checkpoints/best_resnet18_lr0.001.pth,0.001,dm8ovhqt,5,0.8321167883211679
p5_seed25,data/raw/p5_seed25.jpg,ResNet18,resnet18,Good,0.629109,0.370891,outputs/checkpoints/best_resnet18_lr0.001.pth,0.001,dm8ovhqt,5,0.8321167883211679
p5_seed26,data/raw/p5_seed26.jpg,ResNet18,resnet18,Good,0.972321,0.027679,outputs/checkpoints/best_resnet18_lr0.001.pth,0.001,dm8ovhqt,5,0.8321167883211679
p5_seed27,data/raw/p5_seed27.jpg,ResNet18,resnet18,Good,0.552463,0.447537,outputs/checkpoints/best_resnet18_lr0.001.pth,0.001,dm8ovhqt,5,0.8321167883211679
p5_seed28,data/raw/p5_seed28.jpg,ResNet18,resnet18,Good,0.909927,0.090073,outputs/checkpoints/best_resnet18_lr0.001.pth,0.001,dm8ovhqt,5,0.8321167883211679
p5_seed29,data/raw/p5_seed29.jpg,ResNet18,resnet18,Good,0.802153,0.197847,outputs/checkpoints/best_resnet18_lr0.001.pth,0.001,dm8ovhqt,5,0.8321167883211679
p5_seed3,data/raw/p5_seed3.jpg,ResNet18,resnet18,Bad,0.045921,0.954079,outputs/checkpoints/best_resnet18_lr0.001.pth,0.001,dm8ovhqt,5,0.8321167883211679
p5_seed4,data/raw/p5_seed4.jpg,ResNet18,resnet18,Good,0.566082,0.433918,outputs/checkpoints/best_resnet18_lr0.001.pth,0.001,dm8ovhqt,5,0.8321167883211679
p5_seed5,data/raw/p5_seed5.jpg,ResNet18,resnet18,Good,0.987892,0.012108,outputs/checkpoints/best_resnet18_lr0.001.pth,0.001,dm8ovhqt,5,0.8321167883211679
p5_seed6,data/raw/p5_seed6.jpg,ResNet18,resnet18,Good,0.692098,0.307902,outputs/checkpoints/best_resnet18_lr0.001.pth,0.001,dm8ovhqt,5,0.8321167883211679
p5_seed7,data/raw/p5_seed7.jpg,ResNet18,resnet18,Good,0.614289,0.385711,outputs/checkpoints/best_resnet18_lr0.001.pth,0.001,dm8ovhqt,5,0.8321167883211679
p5_seed8,data/raw/p5_seed8.jpg,ResNet18,resnet18,Good,0.674926,0.325074,outputs/checkpoints/best_resnet18_lr0.001.pth,0.001,dm8ovhqt,5,0.8321167883211679
p5_seed9,data/raw/p5_seed9.jpg,ResNet18,resnet18,Good,0.799345,0.200655,outputs/checkpoints/best_resnet18_lr0.001.pth,0.001,dm8ovhqt,5,0.8321167883211679
p6_img0,data/raw/p6_img0.png,ResNet18,resnet18,Bad,0.297299,0.702701,outputs/checkpoints/best_resnet18_lr0.001.pth,0.001,dm8ovhqt,5,0.8321167883211679
p6_img1,data/raw/p6_img1.png,ResNet18,resnet18,Bad,0.391432,0.608568,outputs/checkpoints/best_resnet18_lr0.001.pth,0.001,dm8ovhqt,5,0.8321167883211679
p6_img10,data/raw/p6_img10.png,ResNet18,resnet18,Bad,0.474602,0.525398,outputs/checkpoints/best_resnet18_lr0.001.pth,0.001,dm8ovhqt,5,0.8321167883211679
p6_img11,data/raw/p6_img11.png,ResNet18,resnet18,Bad,0.294311,0.705689,outputs/checkpoints/best_resnet18_lr0.001.pth,0.001,dm8ovhqt,5,0.8321167883211679
p6_img12,data/raw/p6_img12.png,ResNet18,resnet18,Good,0.500479,0.499521,outputs/checkpoints/best_resnet18_lr0.001.pth,0.001,dm8ovhqt,5,0.8321167883211679
p6_img13,data/raw/p6_img13.png,ResNet18,resnet18,Good,0.638237,0.361763,outputs/checkpoints/best_resnet18_lr0.001.pth,0.001,dm8ovhqt,5,0.8321167883211679
p6_img14,data/raw/p6_img14.png,ResNet18,resnet18,Bad,0.422706,0.577294,outputs/checkpoints/best_resnet18_lr0.001.pth,0.001,dm8ovhqt,5,0.8321167883211679
p6_img15,data/raw/p6_img15.png,ResNet18,resnet18,Bad,0.29942,0.70058,outputs/checkpoints/best_resnet18_lr0.001.pth,0.001,dm8ovhqt,5,0.8321167883211679
p6_img16,data/raw/p6_img16.png,ResNet18,resnet18,Good,0.766696,0.233304,outputs/checkpoints/best_resnet18_lr0.001.pth,0.001,dm8ovhqt,5,0.8321167883211679
p6_img17,data/raw/p6_img17.png,ResNet18,resnet18,Bad,0.282306,0.717694,outputs/checkpoints/best_resnet18_lr0.001.pth,0.001,dm8ovhqt,5,0.8321167883211679
p6_img18,data/raw/p6_img18.png,ResNet18,resnet18,Bad,0.237647,0.762353,outputs/checkpoints/best_resnet18_lr0.001.pth,0.001,dm8ovhqt,5,0.8321167883211679
p6_img19,data/raw/p6_img19.png,ResNet18,resnet18,Good,0.509078,0.490922,outputs/checkpoints/best_resnet18_lr0.001.pth,0.001,dm8ovhqt,5,0.8321167883211679
p6_img2,data/raw/p6_img2.png,ResNet18,resnet18,Bad,0.343618,0.656382,outputs/checkpoints/best_resnet18_lr0.001.pth,0.001,dm8ovhqt,5,0.8321167883211679
p6_img20,data/raw/p6_img20.png,ResNet18,resnet18,Bad,0.397658,0.602342,outputs/checkpoints/best_resnet18_lr0.001.pth,0.001,dm8ovhqt,5,0.8321167883211679
p6_img21,data/raw/p6_img21.png,ResNet18,resnet18,Good,0.836348,0.163652,outputs/checkpoints/best_resnet18_lr0.001.pth,0.001,dm8ovhqt,5,0.8321167883211679
p6_img22,data/raw/p6_img22.png,ResNet18,resnet18,Bad,0.397332,0.602668,outputs/checkpoints/best_resnet18_lr0.001.pth,0.001,dm8ovhqt,5,0.8321167883211679
p6_img23,data/raw/p6_img23.png,ResNet18,resnet18,Bad,0.219767,0.780233,outputs/checkpoints/best_resnet18_lr0.001.pth,0.001,dm8ovhqt,5,0.8321167883211679
p6_img24,data/raw/p6_img24.png,ResNet18,resnet18,Bad,0.487888,0.512112,outputs/checkpoints/best_resnet18_lr0.001.pth,0.001,dm8ovhqt,5,0.8321167883211679
p6_img25,data/raw/p6_img25.png,ResNet18,resnet18,Bad,0.238359,0.761641,outputs/checkpoints/best_resnet18_lr0.001.pth,0.001,dm8ovhqt,5,0.8321167883211679
p6_img26,data/raw/p6_img26.png,ResNet18,resnet18,Good,0.800734,0.199266,outputs/checkpoints/best_resnet18_lr0.001.pth,0.001,dm8ovhqt,5,0.8321167883211679
p6_img27,data/raw/p6_img27.png,ResNet18,resnet18,Bad,0.323044,0.676956,outputs/checkpoints/best_resnet18_lr0.001.pth,0.001,dm8ovhqt,5,0.8321167883211679
p6_img28,data/raw/p6_img28.png,ResNet18,resnet18,Bad,0.317687,0.682313,outputs/checkpoints/best_resnet18_lr0.001.pth,0.001,dm8ovhqt,5,0.8321167883211679
p6_img29,data/raw/p6_img29.png,ResNet18,resnet18,Bad,0.241795,0.758205,outputs/checkpoints/best_resnet18_lr0.001.pth,0.001,dm8ovhqt,5,0.8321167883211679
p6_img3,data/raw/p6_img3.png,ResNet18,resnet18,Bad,0.216334,0.783666,outputs/checkpoints/best_resnet18_lr0.001.pth,0.001,dm8ovhqt,5,0.8321167883211679
p6_img4,data/raw/p6_img4.png,ResNet18,resnet18,Bad,0.161752,0.838248,outputs/checkpoints/best_resnet18_lr0.001.pth,0.001,dm8ovhqt,5,0.8321167883211679
p6_img5,data/raw/p6_img5.png,ResNet18,resnet18,Bad,0.107623,0.892377,outputs/checkpoints/best_resnet18_lr0.001.pth,0.001,dm8ovhqt,5,0.8321167883211679
p6_img6,data/raw/p6_img6.png,ResNet18,resnet18,Bad,0.460551,0.539449,outputs/checkpoints/best_resnet18_lr0.001.pth,0.001,dm8ovhqt,5,0.8321167883211679
p6_img7,data/raw/p6_img7.png,ResNet18,resnet18,Bad,0.485903,0.514097,outputs/checkpoints/best_resnet18_lr0.001.pth,0.001,dm8ovhqt,5,0.8321167883211679
p6_img8,data/raw/p6_img8.png,ResNet18,resnet18,Good,0.663782,0.336218,outputs/checkpoints/best_resnet18_lr0.001.pth,0.001,dm8ovhqt,5,0.8321167883211679
p6_img9,data/raw/p6_img9.png,ResNet18,resnet18,Bad,0.060038,0.939962,outputs/checkpoints/best_resnet18_lr0.001.pth,0.001,dm8ovhqt,5,0.8321167883211679
p6_seed0,data/raw/p6_seed0.jpg,ResNet18,resnet18,Good,0.880869,0.119131,outputs/checkpoints/best_resnet18_lr0.001.pth,0.001,dm8ovhqt,5,0.8321167883211679
p6_seed1,data/raw/p6_seed1.jpg,ResNet18,resnet18,Good,0.977012,0.022988,outputs/checkpoints/best_resnet18_lr0.001.pth,0.001,dm8ovhqt,5,0.8321167883211679
p6_seed10,data/raw/p6_seed10.jpg,ResNet18,resnet18,Bad,0.27399,0.72601,outputs/checkpoints/best_resnet18_lr0.001.pth,0.001,dm8ovhqt,5,0.8321167883211679
p6_seed11,data/raw/p6_seed11.jpg,ResNet18,resnet18,Good,0.595193,0.404807,outputs/checkpoints/best_resnet18_lr0.001.pth,0.001,dm8ovhqt,5,0.8321167883211679
p6_seed12,data/raw/p6_seed12.jpg,ResNet18,resnet18,Bad,0.402319,0.597681,outputs/checkpoints/best_resnet18_lr0.001.pth,0.001,dm8ovhqt,5,0.8321167883211679
p6_seed13,data/raw/p6_seed13.jpg,ResNet18,resnet18,Good,0.89494,0.10506,outputs/checkpoints/best_resnet18_lr0.001.pth,0.001,dm8ovhqt,5,0.8321167883211679
p6_seed14,data/raw/p6_seed14.jpg,ResNet18,resnet18,Good,0.624795,0.375204,outputs/checkpoints/best_resnet18_lr0.001.pth,0.001,dm8ovhqt,5,0.8321167883211679
p6_seed15,data/raw/p6_seed15.jpg,ResNet18,resnet18,Good,0.504353,0.495647,outputs/checkpoints/best_resnet18_lr0.001.pth,0.001,dm8ovhqt,5,0.8321167883211679
p6_seed16,data/raw/p6_seed16.jpg,ResNet18,resnet18,Good,0.948309,0.05169,outputs/checkpoints/best_resnet18_lr0.001.pth,0.001,dm8ovhqt,5,0.8321167883211679
p6_seed17,data/raw/p6_seed17.jpg,ResNet18,resnet18,Good,0.788481,0.211519,outputs/checkpoints/best_resnet18_lr0.001.pth,0.001,dm8ovhqt,5,0.8321167883211679
p6_seed18,data/raw/p6_seed18.jpg,ResNet18,resnet18,Good,0.775918,0.224082,outputs/checkpoints/best_resnet18_lr0.001.pth,0.001,dm8ovhqt,5,0.8321167883211679
p6_seed19,data/raw/p6_seed19.jpg,ResNet18,resnet18,Good,0.907523,0.092477,outputs/checkpoints/best_resnet18_lr0.001.pth,0.001,dm8ovhqt,5,0.8321167883211679
p6_seed2,data/raw/p6_seed2.jpg,ResNet18,resnet18,Good,0.834539,0.165461,outputs/checkpoints/best_resnet18_lr0.001.pth,0.001,dm8ovhqt,5,0.8321167883211679
p6_seed3,data/raw/p6_seed3.jpg,ResNet18,resnet18,Bad,0.033848,0.966152,outputs/checkpoints/best_resnet18_lr0.001.pth,0.001,dm8ovhqt,5,0.8321167883211679
p6_seed4,data/raw/p6_seed4.jpg,ResNet18,resnet18,Good,0.8433,0.1567,outputs/checkpoints/best_resnet18_lr0.001.pth,0.001,dm8ovhqt,5,0.8321167883211679
p6_seed5,data/raw/p6_seed5.jpg,ResNet18,resnet18,Good,0.900614,0.099386,outputs/checkpoints/best_resnet18_lr0.001.pth,0.001,dm8ovhqt,5,0.8321167883211679
p6_seed6,data/raw/p6_seed6.jpg,ResNet18,resnet18,Bad,0.301462,0.698538,outputs/checkpoints/best_resnet18_lr0.001.pth,0.001,dm8ovhqt,5,0.8321167883211679
p6_seed7,data/raw/p6_seed7.jpg,ResNet18,resnet18,Good,0.550203,0.449797,outputs/checkpoints/best_resnet18_lr0.001.pth,0.001,dm8ovhqt,5,0.8321167883211679
p6_seed8,data/raw/p6_seed8.jpg,ResNet18,resnet18,Good,0.787099,0.212901,outputs/checkpoints/best_resnet18_lr0.001.pth,0.001,dm8ovhqt,5,0.8321167883211679
p6_seed9,data/raw/p6_seed9.jpg,ResNet18,resnet18,Bad,0.168547,0.831452,outputs/checkpoints/best_resnet18_lr0.001.pth,0.001,dm8ovhqt,5,0.8321167883211679
p7_img0,data/raw/p7_img0.png,ResNet18,resnet18,Good,0.835105,0.164895,outputs/checkpoints/best_resnet18_lr0.001.pth,0.001,dm8ovhqt,5,0.8321167883211679
p7_img1,data/raw/p7_img1.png,ResNet18,resnet18,Good,0.818703,0.181297,outputs/checkpoints/best_resnet18_lr0.001.pth,0.001,dm8ovhqt,5,0.8321167883211679
p7_img10,data/raw/p7_img10.png,ResNet18,resnet18,Good,0.727188,0.272812,outputs/checkpoints/best_resnet18_lr0.001.pth,0.001,dm8ovhqt,5,0.8321167883211679
p7_img11,data/raw/p7_img11.png,ResNet18,resnet18,Good,0.837896,0.162104,outputs/checkpoints/best_resnet18_lr0.001.pth,0.001,dm8ovhqt,5,0.8321167883211679
p7_img12,data/raw/p7_img12.png,ResNet18,resnet18,Good,0.922971,0.077029,outputs/checkpoints/best_resnet18_lr0.001.pth,0.001,dm8ovhqt,5,0.8321167883211679
p7_img13,data/raw/p7_img13.png,ResNet18,resnet18,Good,0.978098,0.021902,outputs/checkpoints/best_resnet18_lr0.001.pth,0.001,dm8ovhqt,5,0.8321167883211679
p7_img14,data/raw/p7_img14.png,ResNet18,resnet18,Good,0.910465,0.089535,outputs/checkpoints/best_resnet18_lr0.001.pth,0.001,dm8ovhqt,5,0.8321167883211679
p7_img15,data/raw/p7_img15.png,ResNet18,resnet18,Good,0.878878,0.121122,outputs/checkpoints/best_resnet18_lr0.001.pth,0.001,dm8ovhqt,5,0.8321167883211679
p7_img16,data/raw/p7_img16.png,ResNet18,resnet18,Good,0.978638,0.021362,outputs/checkpoints/best_resnet18_lr0.001.pth,0.001,dm8ovhqt,5,0.8321167883211679
p7_img17,data/raw/p7_img17.png,ResNet18,resnet18,Good,0.639126,0.360874,outputs/checkpoints/best_resnet18_lr0.001.pth,0.001,dm8ovhqt,5,0.8321167883211679
p7_img18,data/raw/p7_img18.png,ResNet18,resnet18,Good,0.887826,0.112174,outputs/checkpoints/best_resnet18_lr0.001.pth,0.001,dm8ovhqt,5,0.8321167883211679
p7_img19,data/raw/p7_img19.png,ResNet18,resnet18,Good,0.790135,0.209865,outputs/checkpoints/best_resnet18_lr0.001.pth,0.001,dm8ovhqt,5,0.8321167883211679
p7_img2,data/raw/p7_img2.png,ResNet18,resnet18,Good,0.791118,0.208882,outputs/checkpoints/best_resnet18_lr0.001.pth,0.001,dm8ovhqt,5,0.8321167883211679
p7_img20,data/raw/p7_img20.png,ResNet18,resnet18,Good,0.98266,0.01734,outputs/checkpoints/best_resnet18_lr0.001.pth,0.001,dm8ovhqt,5,0.8321167883211679
p7_img21,data/raw/p7_img21.png,ResNet18,resnet18,Good,0.817014,0.182986,outputs/checkpoints/best_resnet18_lr0.001.pth,0.001,dm8ovhqt,5,0.8321167883211679
p7_img22,data/raw/p7_img22.png,ResNet18,resnet18,Good,0.740589,0.259411,outputs/checkpoints/best_resnet18_lr0.001.pth,0.001,dm8ovhqt,5,0.8321167883211679
p7_img23,data/raw/p7_img23.png,ResNet18,resnet18,Good,0.984312,0.015688,outputs/checkpoints/best_resnet18_lr0.001.pth,0.001,dm8ovhqt,5,0.8321167883211679
p7_img24,data/raw/p7_img24.png,ResNet18,resnet18,Good,0.902415,0.097585,outputs/checkpoints/best_resnet18_lr0.001.pth,0.001,dm8ovhqt,5,0.8321167883211679
p7_img25,data/raw/p7_img25.png,ResNet18,resnet18,Good,0.553405,0.446595,outputs/checkpoints/best_resnet18_lr0.001.pth,0.001,dm8ovhqt,5,0.8321167883211679
p7_img26,data/raw/p7_img26.png,ResNet18,resnet18,Good,0.9637,0.0363,outputs/checkpoints/best_resnet18_lr0.001.pth,0.001,dm8ovhqt,5,0.8321167883211679
p7_img27,data/raw/p7_img27.png,ResNet18,resnet18,Good,0.675856,0.324144,outputs/checkpoints/best_resnet18_lr0.001.pth,0.001,dm8ovhqt,5,0.8321167883211679
p7_img28,data/raw/p7_img28.png,ResNet18,resnet18,Bad,0.289112,0.710888,outputs/checkpoints/best_resnet18_lr0.001.pth,0.001,dm8ovhqt,5,0.8321167883211679
p7_img29,data/raw/p7_img29.png,ResNet18,resnet18,Good,0.972956,0.027044,outputs/checkpoints/best_resnet18_lr0.001.pth,0.001,dm8ovhqt,5,0.8321167883211679
p7_img3,data/raw/p7_img3.png,ResNet18,resnet18,Good,0.912238,0.087762,outputs/checkpoints/best_resnet18_lr0.001.pth,0.001,dm8ovhqt,5,0.8321167883211679
p7_img4,data/raw/p7_img4.png,ResNet18,resnet18,Good,0.981557,0.018443,outputs/checkpoints/best_resnet18_lr0.001.pth,0.001,dm8ovhqt,5,0.8321167883211679
p7_img5,data/raw/p7_img5.png,ResNet18,resnet18,Good,0.96257,0.03743,outputs/checkpoints/best_resnet18_lr0.001.pth,0.001,dm8ovhqt,5,0.8321167883211679
p7_img6,data/raw/p7_img6.png,ResNet18,resnet18,Good,0.894471,0.105529,outputs/checkpoints/best_resnet18_lr0.001.pth,0.001,dm8ovhqt,5,0.8321167883211679
p7_img7,data/raw/p7_img7.png,ResNet18,resnet18,Good,0.981001,0.018999,outputs/checkpoints/best_resnet18_lr0.001.pth,0.001,dm8ovhqt,5,0.8321167883211679
p7_img8,data/raw/p7_img8.png,ResNet18,resnet18,Good,0.967544,0.032456,outputs/checkpoints/best_resnet18_lr0.001.pth,0.001,dm8ovhqt,5,0.8321167883211679
p7_img9,data/raw/p7_img9.png,ResNet18,resnet18,Good,0.925378,0.074622,outputs/checkpoints/best_resnet18_lr0.001.pth,0.001,dm8ovhqt,5,0.8321167883211679
p8_img0,data/raw/p8_img0.png,ResNet18,resnet18,Good,0.930865,0.069135,outputs/checkpoints/best_resnet18_lr0.001.pth,0.001,dm8ovhqt,5,0.8321167883211679
p8_img1,data/raw/p8_img1.png,ResNet18,resnet18,Good,0.58995,0.41005,outputs/checkpoints/best_resnet18_lr0.001.pth,0.001,dm8ovhqt,5,0.8321167883211679
p8_img10,data/raw/p8_img10.png,ResNet18,resnet18,Good,0.966205,0.033795,outputs/checkpoints/best_resnet18_lr0.001.pth,0.001,dm8ovhqt,5,0.8321167883211679
p8_img11,data/raw/p8_img11.png,ResNet18,resnet18,Good,0.928616,0.071384,outputs/checkpoints/best_resnet18_lr0.001.pth,0.001,dm8ovhqt,5,0.8321167883211679
p8_img12,data/raw/p8_img12.png,ResNet18,resnet18,Good,0.934993,0.065007,outputs/checkpoints/best_resnet18_lr0.001.pth,0.001,dm8ovhqt,5,0.8321167883211679
p8_img13,data/raw/p8_img13.png,ResNet18,resnet18,Good,0.99903,0.00097,outputs/checkpoints/best_resnet18_lr0.001.pth,0.001,dm8ovhqt,5,0.8321167883211679
p8_img14,data/raw/p8_img14.png,ResNet18,resnet18,Good,0.920586,0.079414,outputs/checkpoints/best_resnet18_lr0.001.pth,0.001,dm8ovhqt,5,0.8321167883211679
p8_img15,data/raw/p8_img15.png,ResNet18,resnet18,Good,0.994402,0.005598,outputs/checkpoints/best_resnet18_lr0.001.pth,0.001,dm8ovhqt,5,0.8321167883211679
p8_img16,data/raw/p8_img16.png,ResNet18,resnet18,Good,0.981953,0.018047,outputs/checkpoints/best_resnet18_lr0.001.pth,0.001,dm8ovhqt,5,0.8321167883211679
p8_img17,data/raw/p8_img17.png,ResNet18,resnet18,Good,0.947255,0.052745,outputs/checkpoints/best_resnet18_lr0.001.pth,0.001,dm8ovhqt,5,0.8321167883211679
p8_img18,data/raw/p8_img18.png,ResNet18,resnet18,Good,0.894303,0.105697,outputs/checkpoints/best_resnet18_lr0.001.pth,0.001,dm8ovhqt,5,0.8321167883211679
p8_img19,data/raw/p8_img19.png,ResNet18,resnet18,Good,0.980273,0.019727,outputs/checkpoints/best_resnet18_lr0.001.pth,0.001,dm8ovhqt,5,0.8321167883211679
p8_img2,data/raw/p8_img2.png,ResNet18,resnet18,Good,0.764286,0.235714,outputs/checkpoints/best_resnet18_lr0.001.pth,0.001,dm8ovhqt,5,0.8321167883211679
p8_img20,data/raw/p8_img20.png,ResNet18,resnet18,Good,0.8225,0.1775,outputs/checkpoints/best_resnet18_lr0.001.pth,0.001,dm8ovhqt,5,0.8321167883211679
p8_img21,data/raw/p8_img21.png,ResNet18,resnet18,Good,0.970912,0.029088,outputs/checkpoints/best_resnet18_lr0.001.pth,0.001,dm8ovhqt,5,0.8321167883211679
p8_img22,data/raw/p8_img22.png,ResNet18,resnet18,Good,0.704264,0.295736,outputs/checkpoints/best_resnet18_lr0.001.pth,0.001,dm8ovhqt,5,0.8321167883211679
p8_img23,data/raw/p8_img23.png,ResNet18,resnet18,Good,0.849224,0.150776,outputs/checkpoints/best_resnet18_lr0.001.pth,0.001,dm8ovhqt,5,0.8321167883211679
p8_img24,data/raw/p8_img24.png,ResNet18,resnet18,Good,0.987063,0.012937,outputs/checkpoints/best_resnet18_lr0.001.pth,0.001,dm8ovhqt,5,0.8321167883211679
p8_img25,data/raw/p8_img25.png,ResNet18,resnet18,Good,0.890627,0.109373,outputs/checkpoints/best_resnet18_lr0.001.pth,0.001,dm8ovhqt,5,0.8321167883211679
p8_img26,data/raw/p8_img26.png,ResNet18,resnet18,Good,0.993304,0.006696,outputs/checkpoints/best_resnet18_lr0.001.pth,0.001,dm8ovhqt,5,0.8321167883211679
p8_img27,data/raw/p8_img27.png,ResNet18,resnet18,Good,0.96021,0.03979,outputs/checkpoints/best_resnet18_lr0.001.pth,0.001,dm8ovhqt,5,0.8321167883211679
p8_img28,data/raw/p8_img28.png,ResNet18,resnet18,Good,0.831989,0.168011,outputs/checkpoints/best_resnet18_lr0.001.pth,0.001,dm8ovhqt,5,0.8321167883211679
p8_img29,data/raw/p8_img29.png,ResNet18,resnet18,Good,0.997931,0.002069,outputs/checkpoints/best_resnet18_lr0.001.pth,0.001,dm8ovhqt,5,0.8321167883211679
p8_img3,data/raw/p8_img3.png,ResNet18,resnet18,Good,0.987666,0.012334,outputs/checkpoints/best_resnet18_lr0.001.pth,0.001,dm8ovhqt,5,0.8321167883211679
p8_img4,data/raw/p8_img4.png,ResNet18,resnet18,Good,0.977237,0.022763,outputs/checkpoints/best_resnet18_lr0.001.pth,0.001,dm8ovhqt,5,0.8321167883211679
p8_img5,data/raw/p8_img5.png,ResNet18,resnet18,Good,0.995139,0.004861,outputs/checkpoints/best_resnet18_lr0.001.pth,0.001,dm8ovhqt,5,0.8321167883211679
p8_img6,data/raw/p8_img6.png,ResNet18,resnet18,Good,0.949946,0.050054,outputs/checkpoints/best_resnet18_lr0.001.pth,0.001,dm8ovhqt,5,0.8321167883211679
p8_img7,data/raw/p8_img7.png,ResNet18,resnet18,Good,0.9926,0.0074,outputs/checkpoints/best_resnet18_lr0.001.pth,0.001,dm8ovhqt,5,0.8321167883211679
p8_img8,data/raw/p8_img8.png,ResNet18,resnet18,Good,0.999904,9.6e-05,outputs/checkpoints/best_resnet18_lr0.001.pth,0.001,dm8ovhqt,5,0.8321167883211679
p8_img9,data/raw/p8_img9.png,ResNet18,resnet18,Good,0.988536,0.011464,outputs/checkpoints/best_resnet18_lr0.001.pth,0.001,dm8ovhqt,5,0.8321167883211679
p9_img0,data/raw/p9_img0.png,ResNet18,resnet18,Good,0.890602,0.109398,outputs/checkpoints/best_resnet18_lr0.001.pth,0.001,dm8ovhqt,5,0.8321167883211679
p9_img1,data/raw/p9_img1.png,ResNet18,resnet18,Good,0.508879,0.491121,outputs/checkpoints/best_resnet18_lr0.001.pth,0.001,dm8ovhqt,5,0.8321167883211679
p9_img10,data/raw/p9_img10.png,ResNet18,resnet18,Good,0.962295,0.037705,outputs/checkpoints/best_resnet18_lr0.001.pth,0.001,dm8ovhqt,5,0.8321167883211679
p9_img11,data/raw/p9_img11.png,ResNet18,resnet18,Bad,0.098029,0.901971,outputs/checkpoints/best_resnet18_lr0.001.pth,0.001,dm8ovhqt,5,0.8321167883211679
p9_img12,data/raw/p9_img12.png,ResNet18,resnet18,Good,0.500638,0.499362,outputs/checkpoints/best_resnet18_lr0.001.pth,0.001,dm8ovhqt,5,0.8321167883211679
p9_img13,data/raw/p9_img13.png,ResNet18,resnet18,Good,0.95743,0.04257,outputs/checkpoints/best_resnet18_lr0.001.pth,0.001,dm8ovhqt,5,0.8321167883211679
p9_img14,data/raw/p9_img14.png,ResNet18,resnet18,Good,0.811153,0.188846,outputs/checkpoints/best_resnet18_lr0.001.pth,0.001,dm8ovhqt,5,0.8321167883211679
p9_img15,data/raw/p9_img15.png,ResNet18,resnet18,Bad,0.013022,0.986978,outputs/checkpoints/best_resnet18_lr0.001.pth,0.001,dm8ovhqt,5,0.8321167883211679
p9_img16,data/raw/p9_img16.png,ResNet18,resnet18,Good,0.929372,0.070628,outputs/checkpoints/best_resnet18_lr0.001.pth,0.001,dm8ovhqt,5,0.8321167883211679
p9_img17,data/raw/p9_img17.png,ResNet18,resnet18,Good,0.76373,0.23627,outputs/checkpoints/best_resnet18_lr0.001.pth,0.001,dm8ovhqt,5,0.8321167883211679
p9_img18,data/raw/p9_img18.png,ResNet18,resnet18,Good,0.895959,0.104041,outputs/checkpoints/best_resnet18_lr0.001.pth,0.001,dm8ovhqt,5,0.8321167883211679
p9_img19,data/raw/p9_img19.png,ResNet18,resnet18,Bad,0.469999,0.530001,outputs/checkpoints/best_resnet18_lr0.001.pth,0.001,dm8ovhqt,5,0.8321167883211679
p9_img2,data/raw/p9_img2.png,ResNet18,resnet18,Bad,0.344677,0.655323,outputs/checkpoints/best_resnet18_lr0.001.pth,0.001,dm8ovhqt,5,0.8321167883211679
p9_img20,data/raw/p9_img20.png,ResNet18,resnet18,Good,0.710789,0.289211,outputs/checkpoints/best_resnet18_lr0.001.pth,0.001,dm8ovhqt,5,0.8321167883211679
p9_img21,data/raw/p9_img21.png,ResNet18,resnet18,Good,0.929063,0.070937,outputs/checkpoints/best_resnet18_lr0.001.pth,0.001,dm8ovhqt,5,0.8321167883211679
p9_img22,data/raw/p9_img22.png,ResNet18,resnet18,Good,0.537824,0.462176,outputs/checkpoints/best_resnet18_lr0.001.pth,0.001,dm8ovhqt,5,0.8321167883211679
p9_img23,data/raw/p9_img23.png,ResNet18,resnet18,Good,0.910514,0.089486,outputs/checkpoints/best_resnet18_lr0.001.pth,0.001,dm8ovhqt,5,0.8321167883211679
p9_img24,data/raw/p9_img24.png,ResNet18,resnet18,Good,0.928638,0.071362,outputs/checkpoints/best_resnet18_lr0.001.pth,0.001,dm8ovhqt,5,0.8321167883211679
p9_img25,data/raw/p9_img25.png,ResNet18,resnet18,Good,0.893185,0.106815,outputs/checkpoints/best_resnet18_lr0.001.pth,0.001,dm8ovhqt,5,0.8321167883211679
p9_img26,data/raw/p9_img26.png,ResNet18,resnet18,Good,0.981783,0.018217,outputs/checkpoints/best_resnet18_lr0.001.pth,0.001,dm8ovhqt,5,0.8321167883211679
p9_img27,data/raw/p9_img27.png,ResNet18,resnet18,Good,0.805775,0.194225,outputs/checkpoints/best_resnet18_lr0.001.pth,0.001,dm8ovhqt,5,0.8321167883211679
p9_img28,data/raw/p9_img28.png,ResNet18,resnet18,Bad,0.299321,0.700679,outputs/checkpoints/best_resnet18_lr0.001.pth,0.001,dm8ovhqt,5,0.8321167883211679
p9_img29,data/raw/p9_img29.png,ResNet18,resnet18,Good,0.975352,0.024648,outputs/checkpoints/best_resnet18_lr0.001.pth,0.001,dm8ovhqt,5,0.8321167883211679
p9_img3,data/raw/p9_img3.png,ResNet18,resnet18,Bad,0.292463,0.707537,outputs/checkpoints/best_resnet18_lr0.001.pth,0.001,dm8ovhqt,5,0.8321167883211679
p9_img4,data/raw/p9_img4.png,ResNet18,resnet18,Good,0.926013,0.073987,outputs/checkpoints/best_resnet18_lr0.001.pth,0.001,dm8ovhqt,5,0.8321167883211679
p9_img5,data/raw/p9_img5.png,ResNet18,resnet18,Good,0.999307,0.000693,outputs/checkpoints/best_resnet18_lr0.001.pth,0.001,dm8ovhqt,5,0.8321167883211679
p9_img6,data/raw/p9_img6.png,ResNet18,resnet18,Good,0.955315,0.044685,outputs/checkpoints/best_resnet18_lr0.001.pth,0.001,dm8ovhqt,5,0.8321167883211679
p9_img7,data/raw/p9_img7.png,ResNet18,resnet18,Good,0.973299,0.026701,outputs/checkpoints/best_resnet18_lr0.001.pth,0.001,dm8ovhqt,5,0.8321167883211679
p9_img8,data/raw/p9_img8.png,ResNet18,resnet18,Good,0.99984,0.00016,outputs/checkpoints/best_resnet18_lr0.001.pth,0.001,dm8ovhqt,5,0.8321167883211679
p9_img9,data/raw/p9_img9.png,ResNet18,resnet18,Good,0.999577,0.000423,outputs/checkpoints/best_resnet18_lr0.001.pth,0.001,dm8ovhqt,5,0.8321167883211679
p0_img0,data/raw/p0_img0.png,ResNet50,resnet50,Good,0.981227,0.018773,outputs/checkpoints/best_resnet50_lr0.0001.pth,0.0001,p5r1yde1,5,0.8531468531468531
p0_img1,data/raw/p0_img1.png,ResNet50,resnet50,Good,0.970821,0.029179,outputs/checkpoints/best_resnet50_lr0.0001.pth,0.0001,p5r1yde1,5,0.8531468531468531
p0_img10,data/raw/p0_img10.png,ResNet50,resnet50,Good,0.966017,0.033983,outputs/checkpoints/best_resnet50_lr0.0001.pth,0.0001,p5r1yde1,5,0.8531468531468531
p0_img11,data/raw/p0_img11.png,ResNet50,resnet50,Good,0.993894,0.006106,outputs/checkpoints/best_resnet50_lr0.0001.pth,0.0001,p5r1yde1,5,0.8531468531468531
p0_img12,data/raw/p0_img12.png,ResNet50,resnet50,Good,0.999193,0.000807,outputs/checkpoints/best_resnet50_lr0.0001.pth,0.0001,p5r1yde1,5,0.8531468531468531
p0_img13,data/raw/p0_img13.png,ResNet50,resnet50,Good,0.999972,2.8e-05,outputs/checkpoints/best_resnet50_lr0.0001.pth,0.0001,p5r1yde1,5,0.8531468531468531
p0_img14,data/raw/p0_img14.png,ResNet50,resnet50,Good,0.995005,0.004995,outputs/checkpoints/best_resnet50_lr0.0001.pth,0.0001,p5r1yde1,5,0.8531468531468531
p0_img15,data/raw/p0_img15.png,ResNet50,resnet50,Good,0.999873,0.000127,outputs/checkpoints/best_resnet50_lr0.0001.pth,0.0001,p5r1yde1,5,0.8531468531468531
p0_img16,data/raw/p0_img16.png,ResNet50,resnet50,Good,0.999867,0.000133,outputs/checkpoints/best_resnet50_lr0.0001.pth,0.0001,p5r1yde1,5,0.8531468531468531
p0_img17,data/raw/p0_img17.png,ResNet50,resnet50,Good,0.999998,2e-06,outputs/checkpoints/best_resnet50_lr0.0001.pth,0.0001,p5r1yde1,5,0.8531468531468531
p0_img18,data/raw/p0_img18.png,ResNet50,resnet50,Good,1.0,0.0,outputs/checkpoints/best_resnet50_lr0.0001.pth,0.0001,p5r1yde1,5,0.8531468531468531
p0_img19,data/raw/p0_img19.png,ResNet50,resnet50,Good,0.999862,0.000138,outputs/checkpoints/best_resnet50_lr0.0001.pth,0.0001,p5r1yde1,5,0.8531468531468531
p0_img2,data/raw/p0_img2.png,ResNet50,resnet50,Good,0.999687,0.000313,outputs/checkpoints/best_resnet50_lr0.0001.pth,0.0001,p5r1yde1,5,0.8531468531468531
p0_img20,data/raw/p0_img20.png,ResNet50,resnet50,Good,0.984918,0.015082,outputs/checkpoints/best_resnet50_lr0.0001.pth,0.0001,p5r1yde1,5,0.8531468531468531
p0_img21,data/raw/p0_img21.png,ResNet50,resnet50,Good,0.999613,0.000387,outputs/checkpoints/best_resnet50_lr0.0001.pth,0.0001,p5r1yde1,5,0.8531468531468531
p0_img22,data/raw/p0_img22.png,ResNet50,resnet50,Good,0.999658,0.000342,outputs/checkpoints/best_resnet50_lr0.0001.pth,0.0001,p5r1yde1,5,0.8531468531468531
p0_img23,data/raw/p0_img23.png,ResNet50,resnet50,Good,0.992918,0.007081,outputs/checkpoints/best_resnet50_lr0.0001.pth,0.0001,p5r1yde1,5,0.8531468531468531
p0_img24,data/raw/p0_img24.png,ResNet50,resnet50,Good,0.971043,0.028957,outputs/checkpoints/best_resnet50_lr0.0001.pth,0.0001,p5r1yde1,5,0.8531468531468531
p0_img25,data/raw/p0_img25.png,ResNet50,resnet50,Good,0.999319,0.000681,outputs/checkpoints/best_resnet50_lr0.0001.pth,0.0001,p5r1yde1,5,0.8531468531468531
p0_img26,data/raw/p0_img26.png,ResNet50,resnet50,Good,0.995814,0.004186,outputs/checkpoints/best_resnet50_lr0.0001.pth,0.0001,p5r1yde1,5,0.8531468531468531
p0_img27,data/raw/p0_img27.png,ResNet50,resnet50,Good,0.994955,0.005045,outputs/checkpoints/best_resnet50_lr0.0001.pth,0.0001,p5r1yde1,5,0.8531468531468531
p0_img28,data/raw/p0_img28.png,ResNet50,resnet50,Good,0.999209,0.000791,outputs/checkpoints/best_resnet50_lr0.0001.pth,0.0001,p5r1yde1,5,0.8531468531468531
p0_img29,data/raw/p0_img29.png,ResNet50,resnet50,Good,0.997089,0.002911,outputs/checkpoints/best_resnet50_lr0.0001.pth,0.0001,p5r1yde1,5,0.8531468531468531
p0_img3,data/raw/p0_img3.png,ResNet50,resnet50,Good,0.999986,1.4e-05,outputs/checkpoints/best_resnet50_lr0.0001.pth,0.0001,p5r1yde1,5,0.8531468531468531
p0_img4,data/raw/p0_img4.png,ResNet50,resnet50,Good,0.900849,0.099151,outputs/checkpoints/best_resnet50_lr0.0001.pth,0.0001,p5r1yde1,5,0.8531468531468531
p0_img5,data/raw/p0_img5.png,ResNet50,resnet50,Good,0.999998,2e-06,outputs/checkpoints/best_resnet50_lr0.0001.pth,0.0001,p5r1yde1,5,0.8531468531468531
p0_img6,data/raw/p0_img6.png,ResNet50,resnet50,Good,0.998865,0.001135,outputs/checkpoints/best_resnet50_lr0.0001.pth,0.0001,p5r1yde1,5,0.8531468531468531
p0_img7,data/raw/p0_img7.png,ResNet50,resnet50,Good,0.999847,0.000153,outputs/checkpoints/best_resnet50_lr0.0001.pth,0.0001,p5r1yde1,5,0.8531468531468531
p0_img8,data/raw/p0_img8.png,ResNet50,resnet50,Good,0.998706,0.001294,outputs/checkpoints/best_resnet50_lr0.0001.pth,0.0001,p5r1yde1,5,0.8531468531468531
p0_img9,data/raw/p0_img9.png,ResNet50,resnet50,Good,0.999865,0.000135,outputs/checkpoints/best_resnet50_lr0.0001.pth,0.0001,p5r1yde1,5,0.8531468531468531
p0_seed0,data/raw/p0_seed0.jpg,ResNet50,resnet50,Good,0.564328,0.435672,outputs/checkpoints/best_resnet50_lr0.0001.pth,0.0001,p5r1yde1,5,0.8531468531468531
p0_seed1,data/raw/p0_seed1.jpg,ResNet50,resnet50,Good,0.986327,0.013673,outputs/checkpoints/best_resnet50_lr0.0001.pth,0.0001,p5r1yde1,5,0.8531468531468531
p0_seed10,data/raw/p0_seed10.jpg,ResNet50,resnet50,Good,0.999647,0.000353,outputs/checkpoints/best_resnet50_lr0.0001.pth,0.0001,p5r1yde1,5,0.8531468531468531
p0_seed11,data/raw/p0_seed11.jpg,ResNet50,resnet50,Good,0.562897,0.437103,outputs/checkpoints/best_resnet50_lr0.0001.pth,0.0001,p5r1yde1,5,0.8531468531468531
p0_seed12,data/raw/p0_seed12.jpg,ResNet50,resnet50,Good,0.782265,0.217735,outputs/checkpoints/best_resnet50_lr0.0001.pth,0.0001,p5r1yde1,5,0.8531468531468531
p0_seed13,data/raw/p0_seed13.jpg,ResNet50,resnet50,Good,0.792414,0.207586,outputs/checkpoints/best_resnet50_lr0.0001.pth,0.0001,p5r1yde1,5,0.8531468531468531
p0_seed14,data/raw/p0_seed14.jpg,ResNet50,resnet50,Good,0.947313,0.052687,outputs/checkpoints/best_resnet50_lr0.0001.pth,0.0001,p5r1yde1,5,0.8531468531468531
p0_seed15,data/raw/p0_seed15.jpg,ResNet50,resnet50,Bad,0.392707,0.607293,outputs/checkpoints/best_resnet50_lr0.0001.pth,0.0001,p5r1yde1,5,0.8531468531468531
p0_seed16,data/raw/p0_seed16.jpg,ResNet50,resnet50,Good,0.53196,0.46804,outputs/checkpoints/best_resnet50_lr0.0001.pth,0.0001,p5r1yde1,5,0.8531468531468531
p0_seed17,data/raw/p0_seed17.jpg,ResNet50,resnet50,Bad,0.461336,0.538664,outputs/checkpoints/best_resnet50_lr0.0001.pth,0.0001,p5r1yde1,5,0.8531468531468531
p0_seed18,data/raw/p0_seed18.jpg,ResNet50,resnet50,Good,0.622694,0.377306,outputs/checkpoints/best_resnet50_lr0.0001.pth,0.0001,p5r1yde1,5,0.8531468531468531
p0_seed19,data/raw/p0_seed19.jpg,ResNet50,resnet50,Good,0.736045,0.263955,outputs/checkpoints/best_resnet50_lr0.0001.pth,0.0001,p5r1yde1,5,0.8531468531468531
p0_seed2,data/raw/p0_seed2.jpg,ResNet50,resnet50,Bad,0.454688,0.545312,outputs/checkpoints/best_resnet50_lr0.0001.pth,0.0001,p5r1yde1,5,0.8531468531468531
p0_seed20,data/raw/p0_seed20.jpg,ResNet50,resnet50,Good,0.923186,0.076814,outputs/checkpoints/best_resnet50_lr0.0001.pth,0.0001,p5r1yde1,5,0.8531468531468531
p0_seed21,data/raw/p0_seed21.jpg,ResNet50,resnet50,Bad,0.413168,0.586832,outputs/checkpoints/best_resnet50_lr0.0001.pth,0.0001,p5r1yde1,5,0.8531468531468531
p0_seed22,data/raw/p0_seed22.jpg,ResNet50,resnet50,Good,0.777925,0.222075,outputs/checkpoints/best_resnet50_lr0.0001.pth,0.0001,p5r1yde1,5,0.8531468531468531
p0_seed23,data/raw/p0_seed23.jpg,ResNet50,resnet50,Good,0.660785,0.339215,outputs/checkpoints/best_resnet50_lr0.0001.pth,0.0001,p5r1yde1,5,0.8531468531468531
p0_seed24,data/raw/p0_seed24.jpg,ResNet50,resnet50,Good,0.781183,0.218817,outputs/checkpoints/best_resnet50_lr0.0001.pth,0.0001,p5r1yde1,5,0.8531468531468531
p0_seed25,data/raw/p0_seed25.jpg,ResNet50,resnet50,Good,0.9921,0.0079,outputs/checkpoints/best_resnet50_lr0.0001.pth,0.0001,p5r1yde1,5,0.8531468531468531
p0_seed26,data/raw/p0_seed26.jpg,ResNet50,resnet50,Bad,0.312103,0.687897,outputs/checkpoints/best_resnet50_lr0.0001.pth,0.0001,p5r1yde1,5,0.8531468531468531
p0_seed27,data/raw/p0_seed27.jpg,ResNet50,resnet50,Bad,0.441972,0.558028,outputs/checkpoints/best_resnet50_lr0.0001.pth,0.0001,p5r1yde1,5,0.8531468531468531
p0_seed28,data/raw/p0_seed28.jpg,ResNet50,resnet50,Good,0.999671,0.000329,outputs/checkpoints/best_resnet50_lr0.0001.pth,0.0001,p5r1yde1,5,0.8531468531468531
p0_seed29,data/raw/p0_seed29.jpg,ResNet50,resnet50,Good,0.765611,0.234389,outputs/checkpoints/best_resnet50_lr0.0001.pth,0.0001,p5r1yde1,5,0.8531468531468531
p0_seed3,data/raw/p0_seed3.jpg,ResNet50,resnet50,Bad,0.411282,0.588718,outputs/checkpoints/best_resnet50_lr0.0001.pth,0.0001,p5r1yde1,5,0.8531468531468531
p0_seed4,data/raw/p0_seed4.jpg,ResNet50,resnet50,Good,0.997927,0.002073,outputs/checkpoints/best_resnet50_lr0.0001.pth,0.0001,p5r1yde1,5,0.8531468531468531
p0_seed5,data/raw/p0_seed5.jpg,ResNet50,resnet50,Good,0.986285,0.013715,outputs/checkpoints/best_resnet50_lr0.0001.pth,0.0001,p5r1yde1,5,0.8531468531468531
p0_seed6,data/raw/p0_seed6.jpg,ResNet50,resnet50,Bad,0.449561,0.550439,outputs/checkpoints/best_resnet50_lr0.0001.pth,0.0001,p5r1yde1,5,0.8531468531468531
p0_seed7,data/raw/p0_seed7.jpg,ResNet50,resnet50,Bad,0.317197,0.682803,outputs/checkpoints/best_resnet50_lr0.0001.pth,0.0001,p5r1yde1,5,0.8531468531468531
p0_seed8,data/raw/p0_seed8.jpg,ResNet50,resnet50,Bad,0.230334,0.769666,outputs/checkpoints/best_resnet50_lr0.0001.pth,0.0001,p5r1yde1,5,0.8531468531468531
p0_seed9,data/raw/p0_seed9.jpg,ResNet50,resnet50,Good,0.993757,0.006243,outputs/checkpoints/best_resnet50_lr0.0001.pth,0.0001,p5r1yde1,5,0.8531468531468531
p1_img0,data/raw/p1_img0.png,ResNet50,resnet50,Bad,0.418361,0.581639,outputs/checkpoints/best_resnet50_lr0.0001.pth,0.0001,p5r1yde1,5,0.8531468531468531
p1_img1,data/raw/p1_img1.png,ResNet50,resnet50,Bad,0.463488,0.536512,outputs/checkpoints/best_resnet50_lr0.0001.pth,0.0001,p5r1yde1,5,0.8531468531468531
p1_img10,data/raw/p1_img10.png,ResNet50,resnet50,Good,0.992847,0.007153,outputs/checkpoints/best_resnet50_lr0.0001.pth,0.0001,p5r1yde1,5,0.8531468531468531
p1_img11,data/raw/p1_img11.png,ResNet50,resnet50,Good,0.996321,0.003679,outputs/checkpoints/best_resnet50_lr0.0001.pth,0.0001,p5r1yde1,5,0.8531468531468531
p1_img12,data/raw/p1_img12.png,ResNet50,resnet50,Good,0.925735,0.074265,outputs/checkpoints/best_resnet50_lr0.0001.pth,0.0001,p5r1yde1,5,0.8531468531468531
p1_img13,data/raw/p1_img13.png,ResNet50,resnet50,Good,0.994455,0.005545,outputs/checkpoints/best_resnet50_lr0.0001.pth,0.0001,p5r1yde1,5,0.8531468531468531
p1_img14,data/raw/p1_img14.png,ResNet50,resnet50,Good,0.94269,0.05731,outputs/checkpoints/best_resnet50_lr0.0001.pth,0.0001,p5r1yde1,5,0.8531468531468531
p1_img15,data/raw/p1_img15.png,ResNet50,resnet50,Good,0.651175,0.348825,outputs/checkpoints/best_resnet50_lr0.0001.pth,0.0001,p5r1yde1,5,0.8531468531468531
p1_img16,data/raw/p1_img16.png,ResNet50,resnet50,Good,0.999821,0.000179,outputs/checkpoints/best_resnet50_lr0.0001.pth,0.0001,p5r1yde1,5,0.8531468531468531
p1_img17,data/raw/p1_img17.png,ResNet50,resnet50,Good,0.997618,0.002382,outputs/checkpoints/best_resnet50_lr0.0001.pth,0.0001,p5r1yde1,5,0.8531468531468531
p1_img18,data/raw/p1_img18.png,ResNet50,resnet50,Good,0.947815,0.052185,outputs/checkpoints/best_resnet50_lr0.0001.pth,0.0001,p5r1yde1,5,0.8531468531468531
p1_img19,data/raw/p1_img19.png,ResNet50,resnet50,Good,0.980676,0.019324,outputs/checkpoints/best_resnet50_lr0.0001.pth,0.0001,p5r1yde1,5,0.8531468531468531
p1_img2,data/raw/p1_img2.png,ResNet50,resnet50,Bad,0.451043,0.548957,outputs/checkpoints/best_resnet50_lr0.0001.pth,0.0001,p5r1yde1,5,0.8531468531468531
p1_img20,data/raw/p1_img20.png,ResNet50,resnet50,Good,0.912826,0.087174,outputs/checkpoints/best_resnet50_lr0.0001.pth,0.0001,p5r1yde1,5,0.8531468531468531
p1_img21,data/raw/p1_img21.png,ResNet50,resnet50,Good,0.982167,0.017833,outputs/checkpoints/best_resnet50_lr0.0001.pth,0.0001,p5r1yde1,5,0.8531468531468531
p1_img22,data/raw/p1_img22.png,ResNet50,resnet50,Good,0.996459,0.003541,outputs/checkpoints/best_resnet50_lr0.0001.pth,0.0001,p5r1yde1,5,0.8531468531468531
p1_img23,data/raw/p1_img23.png,ResNet50,resnet50,Bad,0.464266,0.535734,outputs/checkpoints/best_resnet50_lr0.0001.pth,0.0001,p5r1yde1,5,0.8531468531468531
p1_img24,data/raw/p1_img24.png,ResNet50,resnet50,Good,0.974653,0.025347,outputs/checkpoints/best_resnet50_lr0.0001.pth,0.0001,p5r1yde1,5,0.8531468531468531
p1_img25,data/raw/p1_img25.png,ResNet50,resnet50,Good,0.905265,0.094735,outputs/checkpoints/best_resnet50_lr0.0001.pth,0.0001,p5r1yde1,5,0.8531468531468531
p1_img26,data/raw/p1_img26.png,ResNet50,resnet50,Bad,0.38296,0.61704,outputs/checkpoints/best_resnet50_lr0.0001.pth,0.0001,p5r1yde1,5,0.8531468531468531
p1_img27,data/raw/p1_img27.png,ResNet50,resnet50,Bad,0.41691,0.58309,outputs/checkpoints/best_resnet50_lr0.0001.pth,0.0001,p5r1yde1,5,0.8531468531468531
p1_img28,data/raw/p1_img28.png,ResNet50,resnet50,Good,0.99631,0.00369,outputs/checkpoints/best_resnet50_lr0.0001.pth,0.0001,p5r1yde1,5,0.8531468531468531
p1_img29,data/raw/p1_img29.png,ResNet50,resnet50,Bad,0.496107,0.503893,outputs/checkpoints/best_resnet50_lr0.0001.pth,0.0001,p5r1yde1,5,0.8531468531468531
p1_img3,data/raw/p1_img3.png,ResNet50,resnet50,Good,0.932359,0.067641,outputs/checkpoints/best_resnet50_lr0.0001.pth,0.0001,p5r1yde1,5,0.8531468531468531
p1_img4,data/raw/p1_img4.png,ResNet50,resnet50,Good,0.969973,0.030027,outputs/checkpoints/best_resnet50_lr0.0001.pth,0.0001,p5r1yde1,5,0.8531468531468531
p1_img5,data/raw/p1_img5.png,ResNet50,resnet50,Good,0.752589,0.247411,outputs/checkpoints/best_resnet50_lr0.0001.pth,0.0001,p5r1yde1,5,0.8531468531468531
p1_img6,data/raw/p1_img6.png,ResNet50,resnet50,Bad,0.299531,0.700469,outputs/checkpoints/best_resnet50_lr0.0001.pth,0.0001,p5r1yde1,5,0.8531468531468531
p1_img7,data/raw/p1_img7.png,ResNet50,resnet50,Good,0.989184,0.010816,outputs/checkpoints/best_resnet50_lr0.0001.pth,0.0001,p5r1yde1,5,0.8531468531468531
p1_img8,data/raw/p1_img8.png,ResNet50,resnet50,Good,0.992864,0.007136,outputs/checkpoints/best_resnet50_lr0.0001.pth,0.0001,p5r1yde1,5,0.8531468531468531
p1_img9,data/raw/p1_img9.png,ResNet50,resnet50,Good,0.998101,0.001899,outputs/checkpoints/best_resnet50_lr0.0001.pth,0.0001,p5r1yde1,5,0.8531468531468531
p1_seed0,data/raw/p1_seed0.jpg,ResNet50,resnet50,Good,0.538366,0.461634,outputs/checkpoints/best_resnet50_lr0.0001.pth,0.0001,p5r1yde1,5,0.8531468531468531
p1_seed1,data/raw/p1_seed1.jpg,ResNet50,resnet50,Good,0.971768,0.028231,outputs/checkpoints/best_resnet50_lr0.0001.pth,0.0001,p5r1yde1,5,0.8531468531468531
p1_seed10,data/raw/p1_seed10.jpg,ResNet50,resnet50,Good,0.621738,0.378262,outputs/checkpoints/best_resnet50_lr0.0001.pth,0.0001,p5r1yde1,5,0.8531468531468531
p1_seed11,data/raw/p1_seed11.jpg,ResNet50,resnet50,Bad,0.410249,0.589751,outputs/checkpoints/best_resnet50_lr0.0001.pth,0.0001,p5r1yde1,5,0.8531468531468531
p1_seed12,data/raw/p1_seed12.jpg,ResNet50,resnet50,Good,0.530191,0.46981,outputs/checkpoints/best_resnet50_lr0.0001.pth,0.0001,p5r1yde1,5,0.8531468531468531
p1_seed13,data/raw/p1_seed13.jpg,ResNet50,resnet50,Good,0.630512,0.369488,outputs/checkpoints/best_resnet50_lr0.0001.pth,0.0001,p5r1yde1,5,0.8531468531468531
p1_seed14,data/raw/p1_seed14.jpg,ResNet50,resnet50,Bad,0.280913,0.719087,outputs/checkpoints/best_resnet50_lr0.0001.pth,0.0001,p5r1yde1,5,0.8531468531468531
p1_seed15,data/raw/p1_seed15.jpg,ResNet50,resnet50,Bad,0.333753,0.666247,outputs/checkpoints/best_resnet50_lr0.0001.pth,0.0001,p5r1yde1,5,0.8531468531468531
p1_seed16,data/raw/p1_seed16.jpg,ResNet50,resnet50,Bad,0.490388,0.509612,outputs/checkpoints/best_resnet50_lr0.0001.pth,0.0001,p5r1yde1,5,0.8531468531468531
p1_seed17,data/raw/p1_seed17.jpg,ResNet50,resnet50,Good,0.518326,0.481674,outputs/checkpoints/best_resnet50_lr0.0001.pth,0.0001,p5r1yde1,5,0.8531468531468531
p1_seed18,data/raw/p1_seed18.jpg,ResNet50,resnet50,Good,0.717317,0.282683,outputs/checkpoints/best_resnet50_lr0.0001.pth,0.0001,p5r1yde1,5,0.8531468531468531
p1_seed19,data/raw/p1_seed19.jpg,ResNet50,resnet50,Good,0.729774,0.270226,outputs/checkpoints/best_resnet50_lr0.0001.pth,0.0001,p5r1yde1,5,0.8531468531468531
p1_seed2,data/raw/p1_seed2.jpg,ResNet50,resnet50,Good,0.568471,0.431529,outputs/checkpoints/best_resnet50_lr0.0001.pth,0.0001,p5r1yde1,5,0.8531468531468531
p1_seed20,data/raw/p1_seed20.jpg,ResNet50,resnet50,Good,0.699748,0.300252,outputs/checkpoints/best_resnet50_lr0.0001.pth,0.0001,p5r1yde1,5,0.8531468531468531
p1_seed21,data/raw/p1_seed21.jpg,ResNet50,resnet50,Bad,0.441744,0.558256,outputs/checkpoints/best_resnet50_lr0.0001.pth,0.0001,p5r1yde1,5,0.8531468531468531
p1_seed22,data/raw/p1_seed22.jpg,ResNet50,resnet50,Bad,0.321797,0.678203,outputs/checkpoints/best_resnet50_lr0.0001.pth,0.0001,p5r1yde1,5,0.8531468531468531
p1_seed23,data/raw/p1_seed23.jpg,ResNet50,resnet50,Bad,0.403313,0.596686,outputs/checkpoints/best_resnet50_lr0.0001.pth,0.0001,p5r1yde1,5,0.8531468531468531
p1_seed24,data/raw/p1_seed24.jpg,ResNet50,resnet50,Bad,0.432212,0.567788,outputs/checkpoints/best_resnet50_lr0.0001.pth,0.0001,p5r1yde1,5,0.8531468531468531
p1_seed25,data/raw/p1_seed25.jpg,ResNet50,resnet50,Bad,0.324844,0.675156,outputs/checkpoints/best_resnet50_lr0.0001.pth,0.0001,p5r1yde1,5,0.8531468531468531
p1_seed26,data/raw/p1_seed26.jpg,ResNet50,resnet50,Bad,0.481409,0.518591,outputs/checkpoints/best_resnet50_lr0.0001.pth,0.0001,p5r1yde1,5,0.8531468531468531
p1_seed27,data/raw/p1_seed27.jpg,ResNet50,resnet50,Good,0.567283,0.432717,outputs/checkpoints/best_resnet50_lr0.0001.pth,0.0001,p5r1yde1,5,0.8531468531468531
p1_seed28,data/raw/p1_seed28.jpg,ResNet50,resnet50,Good,0.974217,0.025783,outputs/checkpoints/best_resnet50_lr0.0001.pth,0.0001,p5r1yde1,5,0.8531468531468531
p1_seed29,data/raw/p1_seed29.jpg,ResNet50,resnet50,Good,0.507272,0.492728,outputs/checkpoints/best_resnet50_lr0.0001.pth,0.0001,p5r1yde1,5,0.8531468531468531
p1_seed3,data/raw/p1_seed3.jpg,ResNet50,resnet50,Good,0.890268,0.109732,outputs/checkpoints/best_resnet50_lr0.0001.pth,0.0001,p5r1yde1,5,0.8531468531468531
p1_seed4,data/raw/p1_seed4.jpg,ResNet50,resnet50,Good,0.658829,0.341171,outputs/checkpoints/best_resnet50_lr0.0001.pth,0.0001,p5r1yde1,5,0.8531468531468531
p1_seed5,data/raw/p1_seed5.jpg,ResNet50,resnet50,Bad,0.462201,0.537799,outputs/checkpoints/best_resnet50_lr0.0001.pth,0.0001,p5r1yde1,5,0.8531468531468531
p1_seed6,data/raw/p1_seed6.jpg,ResNet50,resnet50,Good,0.679681,0.320319,outputs/checkpoints/best_resnet50_lr0.0001.pth,0.0001,p5r1yde1,5,0.8531468531468531
p1_seed7,data/raw/p1_seed7.jpg,ResNet50,resnet50,Good,0.557998,0.442002,outputs/checkpoints/best_resnet50_lr0.0001.pth,0.0001,p5r1yde1,5,0.8531468531468531
p1_seed8,data/raw/p1_seed8.jpg,ResNet50,resnet50,Bad,0.318822,0.681178,outputs/checkpoints/best_resnet50_lr0.0001.pth,0.0001,p5r1yde1,5,0.8531468531468531
p1_seed9,data/raw/p1_seed9.jpg,ResNet50,resnet50,Good,0.927681,0.072319,outputs/checkpoints/best_resnet50_lr0.0001.pth,0.0001,p5r1yde1,5,0.8531468531468531
p2_img0,data/raw/p2_img0.png,ResNet50,resnet50,Good,0.632935,0.367065,outputs/checkpoints/best_resnet50_lr0.0001.pth,0.0001,p5r1yde1,5,0.8531468531468531
p2_img1,data/raw/p2_img1.png,ResNet50,resnet50,Good,0.589711,0.410289,outputs/checkpoints/best_resnet50_lr0.0001.pth,0.0001,p5r1yde1,5,0.8531468531468531
p2_img10,data/raw/p2_img10.png,ResNet50,resnet50,Good,0.98864,0.01136,outputs/checkpoints/best_resnet50_lr0.0001.pth,0.0001,p5r1yde1,5,0.8531468531468531
p2_img11,data/raw/p2_img11.png,ResNet50,resnet50,Good,0.955654,0.044346,outputs/checkpoints/best_resnet50_lr0.0001.pth,0.0001,p5r1yde1,5,0.8531468531468531
p2_img12,data/raw/p2_img12.png,ResNet50,resnet50,Good,0.923037,0.076963,outputs/checkpoints/best_resnet50_lr0.0001.pth,0.0001,p5r1yde1,5,0.8531468531468531
p2_img13,data/raw/p2_img13.png,ResNet50,resnet50,Good,0.999828,0.000172,outputs/checkpoints/best_resnet50_lr0.0001.pth,0.0001,p5r1yde1,5,0.8531468531468531
p2_img14,data/raw/p2_img14.png,ResNet50,resnet50,Good,0.941216,0.058784,outputs/checkpoints/best_resnet50_lr0.0001.pth,0.0001,p5r1yde1,5,0.8531468531468531
p2_img15,data/raw/p2_img15.png,ResNet50,resnet50,Good,0.973723,0.026277,outputs/checkpoints/best_resnet50_lr0.0001.pth,0.0001,p5r1yde1,5,0.8531468531468531
p2_img16,data/raw/p2_img16.png,ResNet50,resnet50,Good,0.98367,0.016331,outputs/checkpoints/best_resnet50_lr0.0001.pth,0.0001,p5r1yde1,5,0.8531468531468531
p2_img17,data/raw/p2_img17.png,ResNet50,resnet50,Good,0.997419,0.002581,outputs/checkpoints/best_resnet50_lr0.0001.pth,0.0001,p5r1yde1,5,0.8531468531468531
p2_img18,data/raw/p2_img18.png,ResNet50,resnet50,Good,0.816681,0.183319,outputs/checkpoints/best_resnet50_lr0.0001.pth,0.0001,p5r1yde1,5,0.8531468531468531
p2_img19,data/raw/p2_img19.png,ResNet50,resnet50,Good,0.986997,0.013003,outputs/checkpoints/best_resnet50_lr0.0001.pth,0.0001,p5r1yde1,5,0.8531468531468531
p2_img2,data/raw/p2_img2.png,ResNet50,resnet50,Good,0.982114,0.017886,outputs/checkpoints/best_resnet50_lr0.0001.pth,0.0001,p5r1yde1,5,0.8531468531468531
p2_img20,data/raw/p2_img20.png,ResNet50,resnet50,Good,0.985653,0.014347,outputs/checkpoints/best_resnet50_lr0.0001.pth,0.0001,p5r1yde1,5,0.8531468531468531
p2_img21,data/raw/p2_img21.png,ResNet50,resnet50,Good,0.973262,0.026738,outputs/checkpoints/best_resnet50_lr0.0001.pth,0.0001,p5r1yde1,5,0.8531468531468531
p2_img22,data/raw/p2_img22.png,ResNet50,resnet50,Good,0.998098,0.001902,outputs/checkpoints/best_resnet50_lr0.0001.pth,0.0001,p5r1yde1,5,0.8531468531468531
p2_img23,data/raw/p2_img23.png,ResNet50,resnet50,Good,0.932999,0.067001,outputs/checkpoints/best_resnet50_lr0.0001.pth,0.0001,p5r1yde1,5,0.8531468531468531
p2_img24,data/raw/p2_img24.png,ResNet50,resnet50,Good,0.99807,0.00193,outputs/checkpoints/best_resnet50_lr0.0001.pth,0.0001,p5r1yde1,5,0.8531468531468531
p2_img25,data/raw/p2_img25.png,ResNet50,resnet50,Good,0.999338,0.000662,outputs/checkpoints/best_resnet50_lr0.0001.pth,0.0001,p5r1yde1,5,0.8531468531468531
p2_img26,data/raw/p2_img26.png,ResNet50,resnet50,Good,0.658831,0.341169,outputs/checkpoints/best_resnet50_lr0.0001.pth,0.0001,p5r1yde1,5,0.8531468531468531
p2_img27,data/raw/p2_img27.png,ResNet50,resnet50,Good,0.980878,0.019122,outputs/checkpoints/best_resnet50_lr0.0001.pth,0.0001,p5r1yde1,5,0.8531468531468531
p2_img28,data/raw/p2_img28.png,ResNet50,resnet50,Good,0.679602,0.320398,outputs/checkpoints/best_resnet50_lr0.0001.pth,0.0001,p5r1yde1,5,0.8531468531468531
p2_img29,data/raw/p2_img29.png,ResNet50,resnet50,Good,0.985089,0.014911,outputs/checkpoints/best_resnet50_lr0.0001.pth,0.0001,p5r1yde1,5,0.8531468531468531
p2_img3,data/raw/p2_img3.png,ResNet50,resnet50,Good,0.968945,0.031055,outputs/checkpoints/best_resnet50_lr0.0001.pth,0.0001,p5r1yde1,5,0.8531468531468531
p2_img4,data/raw/p2_img4.png,ResNet50,resnet50,Good,0.644149,0.355851,outputs/checkpoints/best_resnet50_lr0.0001.pth,0.0001,p5r1yde1,5,0.8531468531468531
p2_img5,data/raw/p2_img5.png,ResNet50,resnet50,Good,0.995812,0.004188,outputs/checkpoints/best_resnet50_lr0.0001.pth,0.0001,p5r1yde1,5,0.8531468531468531
p2_img6,data/raw/p2_img6.png,ResNet50,resnet50,Good,0.814232,0.185768,outputs/checkpoints/best_resnet50_lr0.0001.pth,0.0001,p5r1yde1,5,0.8531468531468531
p2_img7,data/raw/p2_img7.png,ResNet50,resnet50,Good,0.979432,0.020568,outputs/checkpoints/best_resnet50_lr0.0001.pth,0.0001,p5r1yde1,5,0.8531468531468531
p2_img8,data/raw/p2_img8.png,ResNet50,resnet50,Good,0.985811,0.014189,outputs/checkpoints/best_resnet50_lr0.0001.pth,0.0001,p5r1yde1,5,0.8531468531468531
p2_img9,data/raw/p2_img9.png,ResNet50,resnet50,Good,0.76073,0.23927,outputs/checkpoints/best_resnet50_lr0.0001.pth,0.0001,p5r1yde1,5,0.8531468531468531
p2_seed0,data/raw/p2_seed0.jpg,ResNet50,resnet50,Good,0.999147,0.000853,outputs/checkpoints/best_resnet50_lr0.0001.pth,0.0001,p5r1yde1,5,0.8531468531468531
p2_seed1,data/raw/p2_seed1.jpg,ResNet50,resnet50,Good,0.979267,0.020733,outputs/checkpoints/best_resnet50_lr0.0001.pth,0.0001,p5r1yde1,5,0.8531468531468531
p2_seed10,data/raw/p2_seed10.jpg,ResNet50,resnet50,Good,0.999158,0.000842,outputs/checkpoints/best_resnet50_lr0.0001.pth,0.0001,p5r1yde1,5,0.8531468531468531
p2_seed11,data/raw/p2_seed11.jpg,ResNet50,resnet50,Good,0.997135,0.002865,outputs/checkpoints/best_resnet50_lr0.0001.pth,0.0001,p5r1yde1,5,0.8531468531468531
p2_seed12,data/raw/p2_seed12.jpg,ResNet50,resnet50,Good,0.993091,0.006909,outputs/checkpoints/best_resnet50_lr0.0001.pth,0.0001,p5r1yde1,5,0.8531468531468531
p2_seed13,data/raw/p2_seed13.jpg,ResNet50,resnet50,Good,0.99207,0.00793,outputs/checkpoints/best_resnet50_lr0.0001.pth,0.0001,p5r1yde1,5,0.8531468531468531
p2_seed14,data/raw/p2_seed14.jpg,ResNet50,resnet50,Bad,0.43889,0.56111,outputs/checkpoints/best_resnet50_lr0.0001.pth,0.0001,p5r1yde1,5,0.8531468531468531
p2_seed15,data/raw/p2_seed15.jpg,ResNet50,resnet50,Good,0.983302,0.016698,outputs/checkpoints/best_resnet50_lr0.0001.pth,0.0001,p5r1yde1,5,0.8531468531468531
p2_seed16,data/raw/p2_seed16.jpg,ResNet50,resnet50,Good,0.989274,0.010726,outputs/checkpoints/best_resnet50_lr0.0001.pth,0.0001,p5r1yde1,5,0.8531468531468531
p2_seed17,data/raw/p2_seed17.jpg,ResNet50,resnet50,Bad,0.313806,0.686194,outputs/checkpoints/best_resnet50_lr0.0001.pth,0.0001,p5r1yde1,5,0.8531468531468531
p2_seed18,data/raw/p2_seed18.jpg,ResNet50,resnet50,Bad,0.29332,0.70668,outputs/checkpoints/best_resnet50_lr0.0001.pth,0.0001,p5r1yde1,5,0.8531468531468531
p2_seed19,data/raw/p2_seed19.jpg,ResNet50,resnet50,Good,0.975182,0.024818,outputs/checkpoints/best_resnet50_lr0.0001.pth,0.0001,p5r1yde1,5,0.8531468531468531
p2_seed2,data/raw/p2_seed2.jpg,ResNet50,resnet50,Good,0.984489,0.015511,outputs/checkpoints/best_resnet50_lr0.0001.pth,0.0001,p5r1yde1,5,0.8531468531468531
p2_seed20,data/raw/p2_seed20.jpg,ResNet50,resnet50,Good,0.999945,5.5e-05,outputs/checkpoints/best_resnet50_lr0.0001.pth,0.0001,p5r1yde1,5,0.8531468531468531
p2_seed21,data/raw/p2_seed21.jpg,ResNet50,resnet50,Good,0.869494,0.130506,outputs/checkpoints/best_resnet50_lr0.0001.pth,0.0001,p5r1yde1,5,0.8531468531468531
p2_seed22,data/raw/p2_seed22.jpg,ResNet50,resnet50,Good,0.945568,0.054432,outputs/checkpoints/best_resnet50_lr0.0001.pth,0.0001,p5r1yde1,5,0.8531468531468531
p2_seed23,data/raw/p2_seed23.jpg,ResNet50,resnet50,Good,0.998731,0.001269,outputs/checkpoints/best_resnet50_lr0.0001.pth,0.0001,p5r1yde1,5,0.8531468531468531
p2_seed24,data/raw/p2_seed24.jpg,ResNet50,resnet50,Good,0.990803,0.009197,outputs/checkpoints/best_resnet50_lr0.0001.pth,0.0001,p5r1yde1,5,0.8531468531468531
p2_seed25,data/raw/p2_seed25.jpg,ResNet50,resnet50,Good,0.961252,0.038748,outputs/checkpoints/best_resnet50_lr0.0001.pth,0.0001,p5r1yde1,5,0.8531468531468531
p2_seed26,data/raw/p2_seed26.jpg,ResNet50,resnet50,Good,0.582204,0.417796,outputs/checkpoints/best_resnet50_lr0.0001.pth,0.0001,p5r1yde1,5,0.8531468531468531
p2_seed27,data/raw/p2_seed27.jpg,ResNet50,resnet50,Good,0.970136,0.029864,outputs/checkpoints/best_resnet50_lr0.0001.pth,0.0001,p5r1yde1,5,0.8531468531468531
p2_seed28,data/raw/p2_seed28.jpg,ResNet50,resnet50,Good,0.979074,0.020926,outputs/checkpoints/best_resnet50_lr0.0001.pth,0.0001,p5r1yde1,5,0.8531468531468531
p2_seed29,data/raw/p2_seed29.jpg,ResNet50,resnet50,Good,0.98409,0.01591,outputs/checkpoints/best_resnet50_lr0.0001.pth,0.0001,p5r1yde1,5,0.8531468531468531
p2_seed3,data/raw/p2_seed3.jpg,ResNet50,resnet50,Good,0.801126,0.198874,outputs/checkpoints/best_resnet50_lr0.0001.pth,0.0001,p5r1yde1,5,0.8531468531468531
p2_seed4,data/raw/p2_seed4.jpg,ResNet50,resnet50,Good,0.975583,0.024417,outputs/checkpoints/best_resnet50_lr0.0001.pth,0.0001,p5r1yde1,5,0.8531468531468531
p2_seed5,data/raw/p2_seed5.jpg,ResNet50,resnet50,Good,0.998237,0.001763,outputs/checkpoints/best_resnet50_lr0.0001.pth,0.0001,p5r1yde1,5,0.8531468531468531
p2_seed6,data/raw/p2_seed6.jpg,ResNet50,resnet50,Good,0.996287,0.003713,outputs/checkpoints/best_resnet50_lr0.0001.pth,0.0001,p5r1yde1,5,0.8531468531468531
p2_seed7,data/raw/p2_seed7.jpg,ResNet50,resnet50,Good,0.997943,0.002057,outputs/checkpoints/best_resnet50_lr0.0001.pth,0.0001,p5r1yde1,5,0.8531468531468531
p2_seed8,data/raw/p2_seed8.jpg,ResNet50,resnet50,Good,0.998878,0.001122,outputs/checkpoints/best_resnet50_lr0.0001.pth,0.0001,p5r1yde1,5,0.8531468531468531
p2_seed9,data/raw/p2_seed9.jpg,ResNet50,resnet50,Good,0.999936,6.4e-05,outputs/checkpoints/best_resnet50_lr0.0001.pth,0.0001,p5r1yde1,5,0.8531468531468531
p3_img0,data/raw/p3_img0.png,ResNet50,resnet50,Good,0.584907,0.415093,outputs/checkpoints/best_resnet50_lr0.0001.pth,0.0001,p5r1yde1,5,0.8531468531468531
p3_img1,data/raw/p3_img1.png,ResNet50,resnet50,Good,0.509878,0.490122,outputs/checkpoints/best_resnet50_lr0.0001.pth,0.0001,p5r1yde1,5,0.8531468531468531
p3_img10,data/raw/p3_img10.png,ResNet50,resnet50,Good,0.909174,0.090826,outputs/checkpoints/best_resnet50_lr0.0001.pth,0.0001,p5r1yde1,5,0.8531468531468531
p3_img11,data/raw/p3_img11.png,ResNet50,resnet50,Good,0.933299,0.066701,outputs/checkpoints/best_resnet50_lr0.0001.pth,0.0001,p5r1yde1,5,0.8531468531468531
p3_img12,data/raw/p3_img12.png,ResNet50,resnet50,Good,0.601455,0.398545,outputs/checkpoints/best_resnet50_lr0.0001.pth,0.0001,p5r1yde1,5,0.8531468531468531
p3_img13,data/raw/p3_img13.png,ResNet50,resnet50,Good,0.999675,0.000325,outputs/checkpoints/best_resnet50_lr0.0001.pth,0.0001,p5r1yde1,5,0.8531468531468531
p3_img14,data/raw/p3_img14.png,ResNet50,resnet50,Good,0.991983,0.008017,outputs/checkpoints/best_resnet50_lr0.0001.pth,0.0001,p5r1yde1,5,0.8531468531468531
p3_img15,data/raw/p3_img15.png,ResNet50,resnet50,Good,0.911247,0.088753,outputs/checkpoints/best_resnet50_lr0.0001.pth,0.0001,p5r1yde1,5,0.8531468531468531
p3_img16,data/raw/p3_img16.png,ResNet50,resnet50,Good,0.998505,0.001495,outputs/checkpoints/best_resnet50_lr0.0001.pth,0.0001,p5r1yde1,5,0.8531468531468531
p3_img17,data/raw/p3_img17.png,ResNet50,resnet50,Good,0.994698,0.005302,outputs/checkpoints/best_resnet50_lr0.0001.pth,0.0001,p5r1yde1,5,0.8531468531468531
p3_img18,data/raw/p3_img18.png,ResNet50,resnet50,Good,0.6357,0.3643,outputs/checkpoints/best_resnet50_lr0.0001.pth,0.0001,p5r1yde1,5,0.8531468531468531
p3_img19,data/raw/p3_img19.png,ResNet50,resnet50,Good,0.703052,0.296948,outputs/checkpoints/best_resnet50_lr0.0001.pth,0.0001,p5r1yde1,5,0.8531468531468531
p3_img2,data/raw/p3_img2.png,ResNet50,resnet50,Bad,0.469652,0.530348,outputs/checkpoints/best_resnet50_lr0.0001.pth,0.0001,p5r1yde1,5,0.8531468531468531
p3_img20,data/raw/p3_img20.png,ResNet50,resnet50,Bad,0.493795,0.506205,outputs/checkpoints/best_resnet50_lr0.0001.pth,0.0001,p5r1yde1,5,0.8531468531468531
p3_img21,data/raw/p3_img21.png,ResNet50,resnet50,Good,0.997316,0.002684,outputs/checkpoints/best_resnet50_lr0.0001.pth,0.0001,p5r1yde1,5,0.8531468531468531
p3_img22,data/raw/p3_img22.png,ResNet50,resnet50,Good,0.997687,0.002313,outputs/checkpoints/best_resnet50_lr0.0001.pth,0.0001,p5r1yde1,5,0.8531468531468531
p3_img23,data/raw/p3_img23.png,ResNet50,resnet50,Good,0.998011,0.001989,outputs/checkpoints/best_resnet50_lr0.0001.pth,0.0001,p5r1yde1,5,0.8531468531468531
p3_img24,data/raw/p3_img24.png,ResNet50,resnet50,Good,0.994709,0.005291,outputs/checkpoints/best_resnet50_lr0.0001.pth,0.0001,p5r1yde1,5,0.8531468531468531
p3_img25,data/raw/p3_img25.png,ResNet50,resnet50,Good,0.994446,0.005554,outputs/checkpoints/best_resnet50_lr0.0001.pth,0.0001,p5r1yde1,5,0.8531468531468531
p3_img26,data/raw/p3_img26.png,ResNet50,resnet50,Good,0.945455,0.054545,outputs/checkpoints/best_resnet50_lr0.0001.pth,0.0001,p5r1yde1,5,0.8531468531468531
p3_img27,data/raw/p3_img27.png,ResNet50,resnet50,Good,0.883097,0.116903,outputs/checkpoints/best_resnet50_lr0.0001.pth,0.0001,p5r1yde1,5,0.8531468531468531
p3_img28,data/raw/p3_img28.png,ResNet50,resnet50,Good,0.796327,0.203673,outputs/checkpoints/best_resnet50_lr0.0001.pth,0.0001,p5r1yde1,5,0.8531468531468531
p3_img29,data/raw/p3_img29.png,ResNet50,resnet50,Good,0.997502,0.002498,outputs/checkpoints/best_resnet50_lr0.0001.pth,0.0001,p5r1yde1,5,0.8531468531468531
p3_img3,data/raw/p3_img3.png,ResNet50,resnet50,Good,0.656396,0.343604,outputs/checkpoints/best_resnet50_lr0.0001.pth,0.0001,p5r1yde1,5,0.8531468531468531
p3_img4,data/raw/p3_img4.png,ResNet50,resnet50,Good,0.828319,0.171681,outputs/checkpoints/best_resnet50_lr0.0001.pth,0.0001,p5r1yde1,5,0.8531468531468531
p3_img5,data/raw/p3_img5.png,ResNet50,resnet50,Good,0.979318,0.020682,outputs/checkpoints/best_resnet50_lr0.0001.pth,0.0001,p5r1yde1,5,0.8531468531468531
p3_img6,data/raw/p3_img6.png,ResNet50,resnet50,Good,0.993244,0.006756,outputs/checkpoints/best_resnet50_lr0.0001.pth,0.0001,p5r1yde1,5,0.8531468531468531
p3_img7,data/raw/p3_img7.png,ResNet50,resnet50,Good,0.958718,0.041282,outputs/checkpoints/best_resnet50_lr0.0001.pth,0.0001,p5r1yde1,5,0.8531468531468531
p3_img8,data/raw/p3_img8.png,ResNet50,resnet50,Good,0.998701,0.001299,outputs/checkpoints/best_resnet50_lr0.0001.pth,0.0001,p5r1yde1,5,0.8531468531468531
p3_img9,data/raw/p3_img9.png,ResNet50,resnet50,Good,0.918481,0.081519,outputs/checkpoints/best_resnet50_lr0.0001.pth,0.0001,p5r1yde1,5,0.8531468531468531
p3_seed0,data/raw/p3_seed0.jpg,ResNet50,resnet50,Bad,0.304509,0.695491,outputs/checkpoints/best_resnet50_lr0.0001.pth,0.0001,p5r1yde1,5,0.8531468531468531
p3_seed1,data/raw/p3_seed1.jpg,ResNet50,resnet50,Bad,0.469697,0.530303,outputs/checkpoints/best_resnet50_lr0.0001.pth,0.0001,p5r1yde1,5,0.8531468531468531
p3_seed10,data/raw/p3_seed10.jpg,ResNet50,resnet50,Good,0.98606,0.01394,outputs/checkpoints/best_resnet50_lr0.0001.pth,0.0001,p5r1yde1,5,0.8531468531468531
p3_seed11,data/raw/p3_seed11.jpg,ResNet50,resnet50,Bad,0.495803,0.504197,outputs/checkpoints/best_resnet50_lr0.0001.pth,0.0001,p5r1yde1,5,0.8531468531468531
p3_seed12,data/raw/p3_seed12.jpg,ResNet50,resnet50,Bad,0.278441,0.721559,outputs/checkpoints/best_resnet50_lr0.0001.pth,0.0001,p5r1yde1,5,0.8531468531468531
p3_seed13,data/raw/p3_seed13.jpg,ResNet50,resnet50,Good,0.505919,0.494081,outputs/checkpoints/best_resnet50_lr0.0001.pth,0.0001,p5r1yde1,5,0.8531468531468531
p3_seed14,data/raw/p3_seed14.jpg,ResNet50,resnet50,Bad,0.345276,0.654724,outputs/checkpoints/best_resnet50_lr0.0001.pth,0.0001,p5r1yde1,5,0.8531468531468531
p3_seed15,data/raw/p3_seed15.jpg,ResNet50,resnet50,Bad,0.314924,0.685076,outputs/checkpoints/best_resnet50_lr0.0001.pth,0.0001,p5r1yde1,5,0.8531468531468531
p3_seed16,data/raw/p3_seed16.jpg,ResNet50,resnet50,Good,0.988796,0.011204,outputs/checkpoints/best_resnet50_lr0.0001.pth,0.0001,p5r1yde1,5,0.8531468531468531
p3_seed17,data/raw/p3_seed17.jpg,ResNet50,resnet50,Good,0.965317,0.034683,outputs/checkpoints/best_resnet50_lr0.0001.pth,0.0001,p5r1yde1,5,0.8531468531468531
p3_seed18,data/raw/p3_seed18.jpg,ResNet50,resnet50,Bad,0.240124,0.759876,outputs/checkpoints/best_resnet50_lr0.0001.pth,0.0001,p5r1yde1,5,0.8531468531468531
p3_seed19,data/raw/p3_seed19.jpg,ResNet50,resnet50,Bad,0.353182,0.646818,outputs/checkpoints/best_resnet50_lr0.0001.pth,0.0001,p5r1yde1,5,0.8531468531468531
p3_seed2,data/raw/p3_seed2.jpg,ResNet50,resnet50,Bad,0.49082,0.50918,outputs/checkpoints/best_resnet50_lr0.0001.pth,0.0001,p5r1yde1,5,0.8531468531468531
p3_seed20,data/raw/p3_seed20.jpg,ResNet50,resnet50,Good,0.991041,0.008959,outputs/checkpoints/best_resnet50_lr0.0001.pth,0.0001,p5r1yde1,5,0.8531468531468531
p3_seed21,data/raw/p3_seed21.jpg,ResNet50,resnet50,Bad,0.330802,0.669198,outputs/checkpoints/best_resnet50_lr0.0001.pth,0.0001,p5r1yde1,5,0.8531468531468531
p3_seed22,data/raw/p3_seed22.jpg,ResNet50,resnet50,Bad,0.369927,0.630073,outputs/checkpoints/best_resnet50_lr0.0001.pth,0.0001,p5r1yde1,5,0.8531468531468531
p3_seed23,data/raw/p3_seed23.jpg,ResNet50,resnet50,Good,0.509181,0.490819,outputs/checkpoints/best_resnet50_lr0.0001.pth,0.0001,p5r1yde1,5,0.8531468531468531
p3_seed24,data/raw/p3_seed24.jpg,ResNet50,resnet50,Good,0.97302,0.02698,outputs/checkpoints/best_resnet50_lr0.0001.pth,0.0001,p5r1yde1,5,0.8531468531468531
p3_seed25,data/raw/p3_seed25.jpg,ResNet50,resnet50,Bad,0.327107,0.672893,outputs/checkpoints/best_resnet50_lr0.0001.pth,0.0001,p5r1yde1,5,0.8531468531468531
p3_seed26,data/raw/p3_seed26.jpg,ResNet50,resnet50,Bad,0.343802,0.656198,outputs/checkpoints/best_resnet50_lr0.0001.pth,0.0001,p5r1yde1,5,0.8531468531468531
p3_seed27,data/raw/p3_seed27.jpg,ResNet50,resnet50,Bad,0.383518,0.616482,outputs/checkpoints/best_resnet50_lr0.0001.pth,0.0001,p5r1yde1,5,0.8531468531468531
p3_seed28,data/raw/p3_seed28.jpg,ResNet50,resnet50,Good,0.688514,0.311486,outputs/checkpoints/best_resnet50_lr0.0001.pth,0.0001,p5r1yde1,5,0.8531468531468531
p3_seed29,data/raw/p3_seed29.jpg,ResNet50,resnet50,Bad,0.447488,0.552512,outputs/checkpoints/best_resnet50_lr0.0001.pth,0.0001,p5r1yde1,5,0.8531468531468531
p3_seed3,data/raw/p3_seed3.jpg,ResNet50,resnet50,Bad,0.28029,0.71971,outputs/checkpoints/best_resnet50_lr0.0001.pth,0.0001,p5r1yde1,5,0.8531468531468531
p3_seed4,data/raw/p3_seed4.jpg,ResNet50,resnet50,Good,0.999288,0.000712,outputs/checkpoints/best_resnet50_lr0.0001.pth,0.0001,p5r1yde1,5,0.8531468531468531
p3_seed5,data/raw/p3_seed5.jpg,ResNet50,resnet50,Bad,0.397277,0.602723,outputs/checkpoints/best_resnet50_lr0.0001.pth,0.0001,p5r1yde1,5,0.8531468531468531
p3_seed6,data/raw/p3_seed6.jpg,ResNet50,resnet50,Bad,0.32456,0.67544,outputs/checkpoints/best_resnet50_lr0.0001.pth,0.0001,p5r1yde1,5,0.8531468531468531
p3_seed7,data/raw/p3_seed7.jpg,ResNet50,resnet50,Bad,0.276123,0.723877,outputs/checkpoints/best_resnet50_lr0.0001.pth,0.0001,p5r1yde1,5,0.8531468531468531
p3_seed8,data/raw/p3_seed8.jpg,ResNet50,resnet50,Bad,0.334823,0.665177,outputs/checkpoints/best_resnet50_lr0.0001.pth,0.0001,p5r1yde1,5,0.8531468531468531
p3_seed9,data/raw/p3_seed9.jpg,ResNet50,resnet50,Good,0.547037,0.452963,outputs/checkpoints/best_resnet50_lr0.0001.pth,0.0001,p5r1yde1,5,0.8531468531468531
p4_img0,data/raw/p4_img0.png,ResNet50,resnet50,Good,0.99585,0.00415,outputs/checkpoints/best_resnet50_lr0.0001.pth,0.0001,p5r1yde1,5,0.8531468531468531
p4_img1,data/raw/p4_img1.png,ResNet50,resnet50,Good,0.972546,0.027454,outputs/checkpoints/best_resnet50_lr0.0001.pth,0.0001,p5r1yde1,5,0.8531468531468531
p4_img10,data/raw/p4_img10.png,ResNet50,resnet50,Good,0.995827,0.004173,outputs/checkpoints/best_resnet50_lr0.0001.pth,0.0001,p5r1yde1,5,0.8531468531468531
p4_img11,data/raw/p4_img11.png,ResNet50,resnet50,Good,0.999898,0.000102,outputs/checkpoints/best_resnet50_lr0.0001.pth,0.0001,p5r1yde1,5,0.8531468531468531
p4_img12,data/raw/p4_img12.png,ResNet50,resnet50,Good,0.995935,0.004065,outputs/checkpoints/best_resnet50_lr0.0001.pth,0.0001,p5r1yde1,5,0.8531468531468531
p4_img13,data/raw/p4_img13.png,ResNet50,resnet50,Good,0.999622,0.000378,outputs/checkpoints/best_resnet50_lr0.0001.pth,0.0001,p5r1yde1,5,0.8531468531468531
p4_img14,data/raw/p4_img14.png,ResNet50,resnet50,Good,0.998738,0.001262,outputs/checkpoints/best_resnet50_lr0.0001.pth,0.0001,p5r1yde1,5,0.8531468531468531
p4_img15,data/raw/p4_img15.png,ResNet50,resnet50,Good,0.999817,0.000183,outputs/checkpoints/best_resnet50_lr0.0001.pth,0.0001,p5r1yde1,5,0.8531468531468531
p4_img16,data/raw/p4_img16.png,ResNet50,resnet50,Good,0.999705,0.000295,outputs/checkpoints/best_resnet50_lr0.0001.pth,0.0001,p5r1yde1,5,0.8531468531468531
p4_img17,data/raw/p4_img17.png,ResNet50,resnet50,Good,0.999261,0.000739,outputs/checkpoints/best_resnet50_lr0.0001.pth,0.0001,p5r1yde1,5,0.8531468531468531
p4_img18,data/raw/p4_img18.png,ResNet50,resnet50,Good,0.968582,0.031418,outputs/checkpoints/best_resnet50_lr0.0001.pth,0.0001,p5r1yde1,5,0.8531468531468531
p4_img19,data/raw/p4_img19.png,ResNet50,resnet50,Good,0.998939,0.001062,outputs/checkpoints/best_resnet50_lr0.0001.pth,0.0001,p5r1yde1,5,0.8531468531468531
p4_img2,data/raw/p4_img2.png,ResNet50,resnet50,Good,0.993427,0.006573,outputs/checkpoints/best_resnet50_lr0.0001.pth,0.0001,p5r1yde1,5,0.8531468531468531
p4_img20,data/raw/p4_img20.png,ResNet50,resnet50,Good,0.992533,0.007467,outputs/checkpoints/best_resnet50_lr0.0001.pth,0.0001,p5r1yde1,5,0.8531468531468531
p4_img21,data/raw/p4_img21.png,ResNet50,resnet50,Good,0.999578,0.000422,outputs/checkpoints/best_resnet50_lr0.0001.pth,0.0001,p5r1yde1,5,0.8531468531468531
p4_img22,data/raw/p4_img22.png,ResNet50,resnet50,Good,0.999729,0.000271,outputs/checkpoints/best_resnet50_lr0.0001.pth,0.0001,p5r1yde1,5,0.8531468531468531
p4_img23,data/raw/p4_img23.png,ResNet50,resnet50,Good,0.999602,0.000398,outputs/checkpoints/best_resnet50_lr0.0001.pth,0.0001,p5r1yde1,5,0.8531468531468531
p4_img24,data/raw/p4_img24.png,ResNet50,resnet50,Good,0.998876,0.001124,outputs/checkpoints/best_resnet50_lr0.0001.pth,0.0001,p5r1yde1,5,0.8531468531468531
p4_img25,data/raw/p4_img25.png,ResNet50,resnet50,Good,0.99989,0.00011,outputs/checkpoints/best_resnet50_lr0.0001.pth,0.0001,p5r1yde1,5,0.8531468531468531
p4_img26,data/raw/p4_img26.png,ResNet50,resnet50,Good,0.998861,0.001139,outputs/checkpoints/best_resnet50_lr0.0001.pth,0.0001,p5r1yde1,5,0.8531468531468531
p4_img27,data/raw/p4_img27.png,ResNet50,resnet50,Good,0.998385,0.001615,outputs/checkpoints/best_resnet50_lr0.0001.pth,0.0001,p5r1yde1,5,0.8531468531468531
p4_img28,data/raw/p4_img28.png,ResNet50,resnet50,Good,0.998274,0.001726,outputs/checkpoints/best_resnet50_lr0.0001.pth,0.0001,p5r1yde1,5,0.8531468531468531
p4_img29,data/raw/p4_img29.png,ResNet50,resnet50,Good,0.995594,0.004406,outputs/checkpoints/best_resnet50_lr0.0001.pth,0.0001,p5r1yde1,5,0.8531468531468531
p4_img3,data/raw/p4_img3.png,ResNet50,resnet50,Good,0.993737,0.006263,outputs/checkpoints/best_resnet50_lr0.0001.pth,0.0001,p5r1yde1,5,0.8531468531468531
p4_img4,data/raw/p4_img4.png,ResNet50,resnet50,Good,0.995486,0.004514,outputs/checkpoints/best_resnet50_lr0.0001.pth,0.0001,p5r1yde1,5,0.8531468531468531
p4_img5,data/raw/p4_img5.png,ResNet50,resnet50,Good,0.999314,0.000686,outputs/checkpoints/best_resnet50_lr0.0001.pth,0.0001,p5r1yde1,5,0.8531468531468531
p4_img6,data/raw/p4_img6.png,ResNet50,resnet50,Good,0.999289,0.000711,outputs/checkpoints/best_resnet50_lr0.0001.pth,0.0001,p5r1yde1,5,0.8531468531468531
p4_img7,data/raw/p4_img7.png,ResNet50,resnet50,Good,0.998227,0.001773,outputs/checkpoints/best_resnet50_lr0.0001.pth,0.0001,p5r1yde1,5,0.8531468531468531
p4_img8,data/raw/p4_img8.png,ResNet50,resnet50,Good,0.999421,0.000579,outputs/checkpoints/best_resnet50_lr0.0001.pth,0.0001,p5r1yde1,5,0.8531468531468531
p4_img9,data/raw/p4_img9.png,ResNet50,resnet50,Good,0.973166,0.026834,outputs/checkpoints/best_resnet50_lr0.0001.pth,0.0001,p5r1yde1,5,0.8531468531468531
p4_seed0,data/raw/p4_seed0.jpg,ResNet50,resnet50,Good,0.915792,0.084208,outputs/checkpoints/best_resnet50_lr0.0001.pth,0.0001,p5r1yde1,5,0.8531468531468531
p4_seed1,data/raw/p4_seed1.jpg,ResNet50,resnet50,Good,0.901728,0.098272,outputs/checkpoints/best_resnet50_lr0.0001.pth,0.0001,p5r1yde1,5,0.8531468531468531
p4_seed10,data/raw/p4_seed10.jpg,ResNet50,resnet50,Good,0.994738,0.005262,outputs/checkpoints/best_resnet50_lr0.0001.pth,0.0001,p5r1yde1,5,0.8531468531468531
p4_seed11,data/raw/p4_seed11.jpg,ResNet50,resnet50,Good,0.999593,0.000407,outputs/checkpoints/best_resnet50_lr0.0001.pth,0.0001,p5r1yde1,5,0.8531468531468531
p4_seed12,data/raw/p4_seed12.jpg,ResNet50,resnet50,Good,0.998731,0.001269,outputs/checkpoints/best_resnet50_lr0.0001.pth,0.0001,p5r1yde1,5,0.8531468531468531
p4_seed13,data/raw/p4_seed13.jpg,ResNet50,resnet50,Good,0.997598,0.002402,outputs/checkpoints/best_resnet50_lr0.0001.pth,0.0001,p5r1yde1,5,0.8531468531468531
p4_seed14,data/raw/p4_seed14.jpg,ResNet50,resnet50,Good,0.734516,0.265484,outputs/checkpoints/best_resnet50_lr0.0001.pth,0.0001,p5r1yde1,5,0.8531468531468531
p4_seed15,data/raw/p4_seed15.jpg,ResNet50,resnet50,Bad,0.415015,0.584985,outputs/checkpoints/best_resnet50_lr0.0001.pth,0.0001,p5r1yde1,5,0.8531468531468531
p4_seed16,data/raw/p4_seed16.jpg,ResNet50,resnet50,Good,0.995392,0.004608,outputs/checkpoints/best_resnet50_lr0.0001.pth,0.0001,p5r1yde1,5,0.8531468531468531
p4_seed17,data/raw/p4_seed17.jpg,ResNet50,resnet50,Bad,0.239681,0.760319,outputs/checkpoints/best_resnet50_lr0.0001.pth,0.0001,p5r1yde1,5,0.8531468531468531
p4_seed18,data/raw/p4_seed18.jpg,ResNet50,resnet50,Good,0.998117,0.001883,outputs/checkpoints/best_resnet50_lr0.0001.pth,0.0001,p5r1yde1,5,0.8531468531468531
p4_seed19,data/raw/p4_seed19.jpg,ResNet50,resnet50,Good,0.990658,0.009342,outputs/checkpoints/best_resnet50_lr0.0001.pth,0.0001,p5r1yde1,5,0.8531468531468531
p4_seed2,data/raw/p4_seed2.jpg,ResNet50,resnet50,Good,0.998686,0.001314,outputs/checkpoints/best_resnet50_lr0.0001.pth,0.0001,p5r1yde1,5,0.8531468531468531
p4_seed20,data/raw/p4_seed20.jpg,ResNet50,resnet50,Good,0.999924,7.6e-05,outputs/checkpoints/best_resnet50_lr0.0001.pth,0.0001,p5r1yde1,5,0.8531468531468531
p4_seed21,data/raw/p4_seed21.jpg,ResNet50,resnet50,Bad,0.367168,0.632832,outputs/checkpoints/best_resnet50_lr0.0001.pth,0.0001,p5r1yde1,5,0.8531468531468531
p4_seed22,data/raw/p4_seed22.jpg,ResNet50,resnet50,Good,0.998477,0.001523,outputs/checkpoints/best_resnet50_lr0.0001.pth,0.0001,p5r1yde1,5,0.8531468531468531
p4_seed23,data/raw/p4_seed23.jpg,ResNet50,resnet50,Good,0.98892,0.01108,outputs/checkpoints/best_resnet50_lr0.0001.pth,0.0001,p5r1yde1,5,0.8531468531468531
p4_seed24,data/raw/p4_seed24.jpg,ResNet50,resnet50,Good,0.994835,0.005165,outputs/checkpoints/best_resnet50_lr0.0001.pth,0.0001,p5r1yde1,5,0.8531468531468531
p4_seed25,data/raw/p4_seed25.jpg,ResNet50,resnet50,Bad,0.408882,0.591118,outputs/checkpoints/best_resnet50_lr0.0001.pth,0.0001,p5r1yde1,5,0.8531468531468531
p4_seed26,data/raw/p4_seed26.jpg,ResNet50,resnet50,Good,0.959638,0.040362,outputs/checkpoints/best_resnet50_lr0.0001.pth,0.0001,p5r1yde1,5,0.8531468531468531
p4_seed27,data/raw/p4_seed27.jpg,ResNet50,resnet50,Good,0.999589,0.000411,outputs/checkpoints/best_resnet50_lr0.0001.pth,0.0001,p5r1yde1,5,0.8531468531468531
p4_seed28,data/raw/p4_seed28.jpg,ResNet50,resnet50,Good,0.999947,5.3e-05,outputs/checkpoints/best_resnet50_lr0.0001.pth,0.0001,p5r1yde1,5,0.8531468531468531
p4_seed29,data/raw/p4_seed29.jpg,ResNet50,resnet50,Good,0.93085,0.06915,outputs/checkpoints/best_resnet50_lr0.0001.pth,0.0001,p5r1yde1,5,0.8531468531468531
p4_seed3,data/raw/p4_seed3.jpg,ResNet50,resnet50,Bad,0.330737,0.669263,outputs/checkpoints/best_resnet50_lr0.0001.pth,0.0001,p5r1yde1,5,0.8531468531468531
p4_seed4,data/raw/p4_seed4.jpg,ResNet50,resnet50,Good,0.997809,0.002191,outputs/checkpoints/best_resnet50_lr0.0001.pth,0.0001,p5r1yde1,5,0.8531468531468531
p4_seed5,data/raw/p4_seed5.jpg,ResNet50,resnet50,Good,0.947235,0.052765,outputs/checkpoints/best_resnet50_lr0.0001.pth,0.0001,p5r1yde1,5,0.8531468531468531
p4_seed6,data/raw/p4_seed6.jpg,ResNet50,resnet50,Good,0.998887,0.001113,outputs/checkpoints/best_resnet50_lr0.0001.pth,0.0001,p5r1yde1,5,0.8531468531468531
p4_seed7,data/raw/p4_seed7.jpg,ResNet50,resnet50,Good,0.999232,0.000768,outputs/checkpoints/best_resnet50_lr0.0001.pth,0.0001,p5r1yde1,5,0.8531468531468531
p4_seed8,data/raw/p4_seed8.jpg,ResNet50,resnet50,Good,0.998248,0.001752,outputs/checkpoints/best_resnet50_lr0.0001.pth,0.0001,p5r1yde1,5,0.8531468531468531
p4_seed9,data/raw/p4_seed9.jpg,ResNet50,resnet50,Good,0.998953,0.001047,outputs/checkpoints/best_resnet50_lr0.0001.pth,0.0001,p5r1yde1,5,0.8531468531468531
p5_img0,data/raw/p5_img0.png,ResNet50,resnet50,Bad,0.34366,0.65634,outputs/checkpoints/best_resnet50_lr0.0001.pth,0.0001,p5r1yde1,5,0.8531468531468531
p5_img1,data/raw/p5_img1.png,ResNet50,resnet50,Bad,0.396869,0.603131,outputs/checkpoints/best_resnet50_lr0.0001.pth,0.0001,p5r1yde1,5,0.8531468531468531
p5_img10,data/raw/p5_img10.png,ResNet50,resnet50,Bad,0.346944,0.653056,outputs/checkpoints/best_resnet50_lr0.0001.pth,0.0001,p5r1yde1,5,0.8531468531468531
p5_img11,data/raw/p5_img11.png,ResNet50,resnet50,Bad,0.416497,0.583503,outputs/checkpoints/best_resnet50_lr0.0001.pth,0.0001,p5r1yde1,5,0.8531468531468531
p5_img12,data/raw/p5_img12.png,ResNet50,resnet50,Bad,0.45302,0.54698,outputs/checkpoints/best_resnet50_lr0.0001.pth,0.0001,p5r1yde1,5,0.8531468531468531
p5_img13,data/raw/p5_img13.png,ResNet50,resnet50,Good,0.87917,0.12083,outputs/checkpoints/best_resnet50_lr0.0001.pth,0.0001,p5r1yde1,5,0.8531468531468531
p5_img14,data/raw/p5_img14.png,ResNet50,resnet50,Bad,0.375532,0.624468,outputs/checkpoints/best_resnet50_lr0.0001.pth,0.0001,p5r1yde1,5,0.8531468531468531
p5_img15,data/raw/p5_img15.png,ResNet50,resnet50,Bad,0.423271,0.576729,outputs/checkpoints/best_resnet50_lr0.0001.pth,0.0001,p5r1yde1,5,0.8531468531468531
p5_img16,data/raw/p5_img16.png,ResNet50,resnet50,Good,0.624205,0.375795,outputs/checkpoints/best_resnet50_lr0.0001.pth,0.0001,p5r1yde1,5,0.8531468531468531
p5_img17,data/raw/p5_img17.png,ResNet50,resnet50,Bad,0.472743,0.527257,outputs/checkpoints/best_resnet50_lr0.0001.pth,0.0001,p5r1yde1,5,0.8531468531468531
p5_img18,data/raw/p5_img18.png,ResNet50,resnet50,Good,0.564108,0.435892,outputs/checkpoints/best_resnet50_lr0.0001.pth,0.0001,p5r1yde1,5,0.8531468531468531
p5_img19,data/raw/p5_img19.png,ResNet50,resnet50,Good,0.652985,0.347015,outputs/checkpoints/best_resnet50_lr0.0001.pth,0.0001,p5r1yde1,5,0.8531468531468531
p5_img2,data/raw/p5_img2.png,ResNet50,resnet50,Bad,0.422262,0.577738,outputs/checkpoints/best_resnet50_lr0.0001.pth,0.0001,p5r1yde1,5,0.8531468531468531
p5_img20,data/raw/p5_img20.png,ResNet50,resnet50,Bad,0.418837,0.581163,outputs/checkpoints/best_resnet50_lr0.0001.pth,0.0001,p5r1yde1,5,0.8531468531468531
p5_img21,data/raw/p5_img21.png,ResNet50,resnet50,Good,0.546911,0.453089,outputs/checkpoints/best_resnet50_lr0.0001.pth,0.0001,p5r1yde1,5,0.8531468531468531
p5_img22,data/raw/p5_img22.png,ResNet50,resnet50,Bad,0.499842,0.500158,outputs/checkpoints/best_resnet50_lr0.0001.pth,0.0001,p5r1yde1,5,0.8531468531468531
p5_img23,data/raw/p5_img23.png,ResNet50,resnet50,Bad,0.267103,0.732897,outputs/checkpoints/best_resnet50_lr0.0001.pth,0.0001,p5r1yde1,5,0.8531468531468531
p5_img24,data/raw/p5_img24.png,ResNet50,resnet50,Good,0.686394,0.313606,outputs/checkpoints/best_resnet50_lr0.0001.pth,0.0001,p5r1yde1,5,0.8531468531468531
p5_img25,data/raw/p5_img25.png,ResNet50,resnet50,Bad,0.342865,0.657135,outputs/checkpoints/best_resnet50_lr0.0001.pth,0.0001,p5r1yde1,5,0.8531468531468531
p5_img26,data/raw/p5_img26.png,ResNet50,resnet50,Good,0.660436,0.339564,outputs/checkpoints/best_resnet50_lr0.0001.pth,0.0001,p5r1yde1,5,0.8531468531468531
p5_img27,data/raw/p5_img27.png,ResNet50,resnet50,Good,0.518344,0.481656,outputs/checkpoints/best_resnet50_lr0.0001.pth,0.0001,p5r1yde1,5,0.8531468531468531
p5_img28,data/raw/p5_img28.png,ResNet50,resnet50,Bad,0.406362,0.593638,outputs/checkpoints/best_resnet50_lr0.0001.pth,0.0001,p5r1yde1,5,0.8531468531468531
p5_img29,data/raw/p5_img29.png,ResNet50,resnet50,Good,0.596109,0.403891,outputs/checkpoints/best_resnet50_lr0.0001.pth,0.0001,p5r1yde1,5,0.8531468531468531
p5_img3,data/raw/p5_img3.png,ResNet50,resnet50,Bad,0.370831,0.629169,outputs/checkpoints/best_resnet50_lr0.0001.pth,0.0001,p5r1yde1,5,0.8531468531468531
p5_img4,data/raw/p5_img4.png,ResNet50,resnet50,Bad,0.357923,0.642077,outputs/checkpoints/best_resnet50_lr0.0001.pth,0.0001,p5r1yde1,5,0.8531468531468531
p5_img5,data/raw/p5_img5.png,ResNet50,resnet50,Bad,0.30818,0.69182,outputs/checkpoints/best_resnet50_lr0.0001.pth,0.0001,p5r1yde1,5,0.8531468531468531
p5_img6,data/raw/p5_img6.png,ResNet50,resnet50,Bad,0.490532,0.509468,outputs/checkpoints/best_resnet50_lr0.0001.pth,0.0001,p5r1yde1,5,0.8531468531468531
p5_img7,data/raw/p5_img7.png,ResNet50,resnet50,Bad,0.488388,0.511612,outputs/checkpoints/best_resnet50_lr0.0001.pth,0.0001,p5r1yde1,5,0.8531468531468531
p5_img8,data/raw/p5_img8.png,ResNet50,resnet50,Good,0.616403,0.383597,outputs/checkpoints/best_resnet50_lr0.0001.pth,0.0001,p5r1yde1,5,0.8531468531468531
p5_img9,data/raw/p5_img9.png,ResNet50,resnet50,Bad,0.352296,0.647704,outputs/checkpoints/best_resnet50_lr0.0001.pth,0.0001,p5r1yde1,5,0.8531468531468531
p5_seed0,data/raw/p5_seed0.jpg,ResNet50,resnet50,Bad,0.300328,0.699672,outputs/checkpoints/best_resnet50_lr0.0001.pth,0.0001,p5r1yde1,5,0.8531468531468531
p5_seed1,data/raw/p5_seed1.jpg,ResNet50,resnet50,Good,0.763639,0.236361,outputs/checkpoints/best_resnet50_lr0.0001.pth,0.0001,p5r1yde1,5,0.8531468531468531
p5_seed10,data/raw/p5_seed10.jpg,ResNet50,resnet50,Good,0.761456,0.238544,outputs/checkpoints/best_resnet50_lr0.0001.pth,0.0001,p5r1yde1,5,0.8531468531468531
p5_seed11,data/raw/p5_seed11.jpg,ResNet50,resnet50,Good,0.994309,0.005691,outputs/checkpoints/best_resnet50_lr0.0001.pth,0.0001,p5r1yde1,5,0.8531468531468531
p5_seed12,data/raw/p5_seed12.jpg,ResNet50,resnet50,Bad,0.36097,0.63903,outputs/checkpoints/best_resnet50_lr0.0001.pth,0.0001,p5r1yde1,5,0.8531468531468531
p5_seed13,data/raw/p5_seed13.jpg,ResNet50,resnet50,Good,0.612836,0.387164,outputs/checkpoints/best_resnet50_lr0.0001.pth,0.0001,p5r1yde1,5,0.8531468531468531
p5_seed14,data/raw/p5_seed14.jpg,ResNet50,resnet50,Bad,0.172559,0.827441,outputs/checkpoints/best_resnet50_lr0.0001.pth,0.0001,p5r1yde1,5,0.8531468531468531
p5_seed15,data/raw/p5_seed15.jpg,ResNet50,resnet50,Good,0.75825,0.24175,outputs/checkpoints/best_resnet50_lr0.0001.pth,0.0001,p5r1yde1,5,0.8531468531468531
p5_seed16,data/raw/p5_seed16.jpg,ResNet50,resnet50,Bad,0.285014,0.714986,outputs/checkpoints/best_resnet50_lr0.0001.pth,0.0001,p5r1yde1,5,0.8531468531468531
p5_seed17,data/raw/p5_seed17.jpg,ResNet50,resnet50,Bad,0.208859,0.791141,outputs/checkpoints/best_resnet50_lr0.0001.pth,0.0001,p5r1yde1,5,0.8531468531468531
p5_seed18,data/raw/p5_seed18.jpg,ResNet50,resnet50,Bad,0.300506,0.699494,outputs/checkpoints/best_resnet50_lr0.0001.pth,0.0001,p5r1yde1,5,0.8531468531468531
p5_seed19,data/raw/p5_seed19.jpg,ResNet50,resnet50,Bad,0.414424,0.585576,outputs/checkpoints/best_resnet50_lr0.0001.pth,0.0001,p5r1yde1,5,0.8531468531468531
p5_seed2,data/raw/p5_seed2.jpg,ResNet50,resnet50,Bad,0.43948,0.56052,outputs/checkpoints/best_resnet50_lr0.0001.pth,0.0001,p5r1yde1,5,0.8531468531468531
p5_seed20,data/raw/p5_seed20.jpg,ResNet50,resnet50,Good,0.991808,0.008192,outputs/checkpoints/best_resnet50_lr0.0001.pth,0.0001,p5r1yde1,5,0.8531468531468531
p5_seed21,data/raw/p5_seed21.jpg,ResNet50,resnet50,Good,0.575788,0.424212,outputs/checkpoints/best_resnet50_lr0.0001.pth,0.0001,p5r1yde1,5,0.8531468531468531
p5_seed22,data/raw/p5_seed22.jpg,ResNet50,resnet50,Good,0.856578,0.143422,outputs/checkpoints/best_resnet50_lr0.0001.pth,0.0001,p5r1yde1,5,0.8531468531468531
p5_seed23,data/raw/p5_seed23.jpg,ResNet50,resnet50,Good,0.688756,0.311244,outputs/checkpoints/best_resnet50_lr0.0001.pth,0.0001,p5r1yde1,5,0.8531468531468531
p5_seed24,data/raw/p5_seed24.jpg,ResNet50,resnet50,Good,0.842535,0.157465,outputs/checkpoints/best_resnet50_lr0.0001.pth,0.0001,p5r1yde1,5,0.8531468531468531
p5_seed25,data/raw/p5_seed25.jpg,ResNet50,resnet50,Bad,0.349257,0.650743,outputs/checkpoints/best_resnet50_lr0.0001.pth,0.0001,p5r1yde1,5,0.8531468531468531
p5_seed26,data/raw/p5_seed26.jpg,ResNet50,resnet50,Good,0.986089,0.013911,outputs/checkpoints/best_resnet50_lr0.0001.pth,0.0001,p5r1yde1,5,0.8531468531468531
p5_seed27,data/raw/p5_seed27.jpg,ResNet50,resnet50,Good,0.760425,0.239575,outputs/checkpoints/best_resnet50_lr0.0001.pth,0.0001,p5r1yde1,5,0.8531468531468531
p5_seed28,data/raw/p5_seed28.jpg,ResNet50,resnet50,Good,0.998791,0.001209,outputs/checkpoints/best_resnet50_lr0.0001.pth,0.0001,p5r1yde1,5,0.8531468531468531
p5_seed29,data/raw/p5_seed29.jpg,ResNet50,resnet50,Good,0.991894,0.008106,outputs/checkpoints/best_resnet50_lr0.0001.pth,0.0001,p5r1yde1,5,0.8531468531468531
p5_seed3,data/raw/p5_seed3.jpg,ResNet50,resnet50,Bad,0.172005,0.827995,outputs/checkpoints/best_resnet50_lr0.0001.pth,0.0001,p5r1yde1,5,0.8531468531468531
p5_seed4,data/raw/p5_seed4.jpg,ResNet50,resnet50,Good,0.513694,0.486306,outputs/checkpoints/best_resnet50_lr0.0001.pth,0.0001,p5r1yde1,5,0.8531468531468531
p5_seed5,data/raw/p5_seed5.jpg,ResNet50,resnet50,Good,0.538835,0.461165,outputs/checkpoints/best_resnet50_lr0.0001.pth,0.0001,p5r1yde1,5,0.8531468531468531
p5_seed6,data/raw/p5_seed6.jpg,ResNet50,resnet50,Good,0.823131,0.176869,outputs/checkpoints/best_resnet50_lr0.0001.pth,0.0001,p5r1yde1,5,0.8531468531468531
p5_seed7,data/raw/p5_seed7.jpg,ResNet50,resnet50,Good,0.92643,0.07357,outputs/checkpoints/best_resnet50_lr0.0001.pth,0.0001,p5r1yde1,5,0.8531468531468531
p5_seed8,data/raw/p5_seed8.jpg,ResNet50,resnet50,Good,0.627114,0.372886,outputs/checkpoints/best_resnet50_lr0.0001.pth,0.0001,p5r1yde1,5,0.8531468531468531
p5_seed9,data/raw/p5_seed9.jpg,ResNet50,resnet50,Good,0.970566,0.029434,outputs/checkpoints/best_resnet50_lr0.0001.pth,0.0001,p5r1yde1,5,0.8531468531468531
p6_img0,data/raw/p6_img0.png,ResNet50,resnet50,Bad,0.381119,0.618881,outputs/checkpoints/best_resnet50_lr0.0001.pth,0.0001,p5r1yde1,5,0.8531468531468531
p6_img1,data/raw/p6_img1.png,ResNet50,resnet50,Good,0.664049,0.335951,outputs/checkpoints/best_resnet50_lr0.0001.pth,0.0001,p5r1yde1,5,0.8531468531468531
p6_img10,data/raw/p6_img10.png,ResNet50,resnet50,Good,0.60179,0.39821,outputs/checkpoints/best_resnet50_lr0.0001.pth,0.0001,p5r1yde1,5,0.8531468531468531
p6_img11,data/raw/p6_img11.png,ResNet50,resnet50,Good,0.560246,0.439754,outputs/checkpoints/best_resnet50_lr0.0001.pth,0.0001,p5r1yde1,5,0.8531468531468531
p6_img12,data/raw/p6_img12.png,ResNet50,resnet50,Bad,0.486646,0.513354,outputs/checkpoints/best_resnet50_lr0.0001.pth,0.0001,p5r1yde1,5,0.8531468531468531
p6_img13,data/raw/p6_img13.png,ResNet50,resnet50,Good,0.675324,0.324676,outputs/checkpoints/best_resnet50_lr0.0001.pth,0.0001,p5r1yde1,5,0.8531468531468531
p6_img14,data/raw/p6_img14.png,ResNet50,resnet50,Bad,0.436321,0.563679,outputs/checkpoints/best_resnet50_lr0.0001.pth,0.0001,p5r1yde1,5,0.8531468531468531
p6_img15,data/raw/p6_img15.png,ResNet50,resnet50,Good,0.924542,0.075458,outputs/checkpoints/best_resnet50_lr0.0001.pth,0.0001,p5r1yde1,5,0.8531468531468531
p6_img16,data/raw/p6_img16.png,ResNet50,resnet50,Good,0.938249,0.061752,outputs/checkpoints/best_resnet50_lr0.0001.pth,0.0001,p5r1yde1,5,0.8531468531468531
p6_img17,data/raw/p6_img17.png,ResNet50,resnet50,Good,0.620062,0.379938,outputs/checkpoints/best_resnet50_lr0.0001.pth,0.0001,p5r1yde1,5,0.8531468531468531
p6_img18,data/raw/p6_img18.png,ResNet50,resnet50,Good,0.551571,0.448429,outputs/checkpoints/best_resnet50_lr0.0001.pth,0.0001,p5r1yde1,5,0.8531468531468531
p6_img19,data/raw/p6_img19.png,ResNet50,resnet50,Bad,0.41852,0.58148,outputs/checkpoints/best_resnet50_lr0.0001.pth,0.0001,p5r1yde1,5,0.8531468531468531
p6_img2,data/raw/p6_img2.png,ResNet50,resnet50,Bad,0.370989,0.629011,outputs/checkpoints/best_resnet50_lr0.0001.pth,0.0001,p5r1yde1,5,0.8531468531468531
p6_img20,data/raw/p6_img20.png,ResNet50,resnet50,Bad,0.459683,0.540317,outputs/checkpoints/best_resnet50_lr0.0001.pth,0.0001,p5r1yde1,5,0.8531468531468531
p6_img21,data/raw/p6_img21.png,ResNet50,resnet50,Good,0.996856,0.003144,outputs/checkpoints/best_resnet50_lr0.0001.pth,0.0001,p5r1yde1,5,0.8531468531468531
p6_img22,data/raw/p6_img22.png,ResNet50,resnet50,Good,0.874393,0.125607,outputs/checkpoints/best_resnet50_lr0.0001.pth,0.0001,p5r1yde1,5,0.8531468531468531
p6_img23,data/raw/p6_img23.png,ResNet50,resnet50,Bad,0.483994,0.516006,outputs/checkpoints/best_resnet50_lr0.0001.pth,0.0001,p5r1yde1,5,0.8531468531468531
p6_img24,data/raw/p6_img24.png,ResNet50,resnet50,Good,0.773146,0.226854,outputs/checkpoints/best_resnet50_lr0.0001.pth,0.0001,p5r1yde1,5,0.8531468531468531
p6_img25,data/raw/p6_img25.png,ResNet50,resnet50,Good,0.521072,0.478928,outputs/checkpoints/best_resnet50_lr0.0001.pth,0.0001,p5r1yde1,5,0.8531468531468531
p6_img26,data/raw/p6_img26.png,ResNet50,resnet50,Good,0.681172,0.318828,outputs/checkpoints/best_resnet50_lr0.0001.pth,0.0001,p5r1yde1,5,0.8531468531468531
p6_img27,data/raw/p6_img27.png,ResNet50,resnet50,Bad,0.467898,0.532102,outputs/checkpoints/best_resnet50_lr0.0001.pth,0.0001,p5r1yde1,5,0.8531468531468531
p6_img28,data/raw/p6_img28.png,ResNet50,resnet50,Good,0.588409,0.411591,outputs/checkpoints/best_resnet50_lr0.0001.pth,0.0001,p5r1yde1,5,0.8531468531468531
p6_img29,data/raw/p6_img29.png,ResNet50,resnet50,Bad,0.425993,0.574007,outputs/checkpoints/best_resnet50_lr0.0001.pth,0.0001,p5r1yde1,5,0.8531468531468531
p6_img3,data/raw/p6_img3.png,ResNet50,resnet50,Bad,0.363641,0.636359,outputs/checkpoints/best_resnet50_lr0.0001.pth,0.0001,p5r1yde1,5,0.8531468531468531
p6_img4,data/raw/p6_img4.png,ResNet50,resnet50,Bad,0.394155,0.605845,outputs/checkpoints/best_resnet50_lr0.0001.pth,0.0001,p5r1yde1,5,0.8531468531468531
p6_img5,data/raw/p6_img5.png,ResNet50,resnet50,Bad,0.456905,0.543095,outputs/checkpoints/best_resnet50_lr0.0001.pth,0.0001,p5r1yde1,5,0.8531468531468531
p6_img6,data/raw/p6_img6.png,ResNet50,resnet50,Good,0.546941,0.453059,outputs/checkpoints/best_resnet50_lr0.0001.pth,0.0001,p5r1yde1,5,0.8531468531468531
p6_img7,data/raw/p6_img7.png,ResNet50,resnet50,Good,0.589687,0.410313,outputs/checkpoints/best_resnet50_lr0.0001.pth,0.0001,p5r1yde1,5,0.8531468531468531
p6_img8,data/raw/p6_img8.png,ResNet50,resnet50,Good,0.995813,0.004187,outputs/checkpoints/best_resnet50_lr0.0001.pth,0.0001,p5r1yde1,5,0.8531468531468531
p6_img9,data/raw/p6_img9.png,ResNet50,resnet50,Good,0.616805,0.383195,outputs/checkpoints/best_resnet50_lr0.0001.pth,0.0001,p5r1yde1,5,0.8531468531468531
p6_seed0,data/raw/p6_seed0.jpg,ResNet50,resnet50,Good,0.734194,0.265806,outputs/checkpoints/best_resnet50_lr0.0001.pth,0.0001,p5r1yde1,5,0.8531468531468531
p6_seed1,data/raw/p6_seed1.jpg,ResNet50,resnet50,Good,0.778288,0.221712,outputs/checkpoints/best_resnet50_lr0.0001.pth,0.0001,p5r1yde1,5,0.8531468531468531
p6_seed10,data/raw/p6_seed10.jpg,ResNet50,resnet50,Good,0.664378,0.335622,outputs/checkpoints/best_resnet50_lr0.0001.pth,0.0001,p5r1yde1,5,0.8531468531468531
p6_seed11,data/raw/p6_seed11.jpg,ResNet50,resnet50,Good,0.705464,0.294536,outputs/checkpoints/best_resnet50_lr0.0001.pth,0.0001,p5r1yde1,5,0.8531468531468531
p6_seed12,data/raw/p6_seed12.jpg,ResNet50,resnet50,Bad,0.312932,0.687068,outputs/checkpoints/best_resnet50_lr0.0001.pth,0.0001,p5r1yde1,5,0.8531468531468531
p6_seed13,data/raw/p6_seed13.jpg,ResNet50,resnet50,Good,0.953537,0.046463,outputs/checkpoints/best_resnet50_lr0.0001.pth,0.0001,p5r1yde1,5,0.8531468531468531
p6_seed14,data/raw/p6_seed14.jpg,ResNet50,resnet50,Good,0.752722,0.247278,outputs/checkpoints/best_resnet50_lr0.0001.pth,0.0001,p5r1yde1,5,0.8531468531468531
p6_seed15,data/raw/p6_seed15.jpg,ResNet50,resnet50,Bad,0.32969,0.67031,outputs/checkpoints/best_resnet50_lr0.0001.pth,0.0001,p5r1yde1,5,0.8531468531468531
p6_seed16,data/raw/p6_seed16.jpg,ResNet50,resnet50,Good,0.642344,0.357656,outputs/checkpoints/best_resnet50_lr0.0001.pth,0.0001,p5r1yde1,5,0.8531468531468531
p6_seed17,data/raw/p6_seed17.jpg,ResNet50,resnet50,Bad,0.368696,0.631304,outputs/checkpoints/best_resnet50_lr0.0001.pth,0.0001,p5r1yde1,5,0.8531468531468531
p6_seed18,data/raw/p6_seed18.jpg,ResNet50,resnet50,Good,0.50838,0.49162,outputs/checkpoints/best_resnet50_lr0.0001.pth,0.0001,p5r1yde1,5,0.8531468531468531
p6_seed19,data/raw/p6_seed19.jpg,ResNet50,resnet50,Good,0.789025,0.210975,outputs/checkpoints/best_resnet50_lr0.0001.pth,0.0001,p5r1yde1,5,0.8531468531468531
p6_seed2,data/raw/p6_seed2.jpg,ResNet50,resnet50,Good,0.685922,0.314078,outputs/checkpoints/best_resnet50_lr0.0001.pth,0.0001,p5r1yde1,5,0.8531468531468531
p6_seed3,data/raw/p6_seed3.jpg,ResNet50,resnet50,Bad,0.330567,0.669433,outputs/checkpoints/best_resnet50_lr0.0001.pth,0.0001,p5r1yde1,5,0.8531468531468531
p6_seed4,data/raw/p6_seed4.jpg,ResNet50,resnet50,Good,0.945434,0.054566,outputs/checkpoints/best_resnet50_lr0.0001.pth,0.0001,p5r1yde1,5,0.8531468531468531
p6_seed5,data/raw/p6_seed5.jpg,ResNet50,resnet50,Good,0.768786,0.231214,outputs/checkpoints/best_resnet50_lr0.0001.pth,0.0001,p5r1yde1,5,0.8531468531468531
p6_seed6,data/raw/p6_seed6.jpg,ResNet50,resnet50,Good,0.500373,0.499627,outputs/checkpoints/best_resnet50_lr0.0001.pth,0.0001,p5r1yde1,5,0.8531468531468531
p6_seed7,data/raw/p6_seed7.jpg,ResNet50,resnet50,Good,0.528052,0.471948,outputs/checkpoints/best_resnet50_lr0.0001.pth,0.0001,p5r1yde1,5,0.8531468531468531
p6_seed8,data/raw/p6_seed8.jpg,ResNet50,resnet50,Good,0.710292,0.289708,outputs/checkpoints/best_resnet50_lr0.0001.pth,0.0001,p5r1yde1,5,0.8531468531468531
p6_seed9,data/raw/p6_seed9.jpg,ResNet50,resnet50,Bad,0.402747,0.597253,outputs/checkpoints/best_resnet50_lr0.0001.pth,0.0001,p5r1yde1,5,0.8531468531468531
p7_img0,data/raw/p7_img0.png,ResNet50,resnet50,Good,0.990223,0.009777,outputs/checkpoints/best_resnet50_lr0.0001.pth,0.0001,p5r1yde1,5,0.8531468531468531
p7_img1,data/raw/p7_img1.png,ResNet50,resnet50,Good,0.989658,0.010342,outputs/checkpoints/best_resnet50_lr0.0001.pth,0.0001,p5r1yde1,5,0.8531468531468531
p7_img10,data/raw/p7_img10.png,ResNet50,resnet50,Good,0.952726,0.047274,outputs/checkpoints/best_resnet50_lr0.0001.pth,0.0001,p5r1yde1,5,0.8531468531468531
p7_img11,data/raw/p7_img11.png,ResNet50,resnet50,Good,0.998208,0.001792,outputs/checkpoints/best_resnet50_lr0.0001.pth,0.0001,p5r1yde1,5,0.8531468531468531
p7_img12,data/raw/p7_img12.png,ResNet50,resnet50,Good,0.617084,0.382916,outputs/checkpoints/best_resnet50_lr0.0001.pth,0.0001,p5r1yde1,5,0.8531468531468531
p7_img13,data/raw/p7_img13.png,ResNet50,resnet50,Good,0.999244,0.000756,outputs/checkpoints/best_resnet50_lr0.0001.pth,0.0001,p5r1yde1,5,0.8531468531468531
p7_img14,data/raw/p7_img14.png,ResNet50,resnet50,Good,0.999022,0.000978,outputs/checkpoints/best_resnet50_lr0.0001.pth,0.0001,p5r1yde1,5,0.8531468531468531
p7_img15,data/raw/p7_img15.png,ResNet50,resnet50,Good,0.962028,0.037972,outputs/checkpoints/best_resnet50_lr0.0001.pth,0.0001,p5r1yde1,5,0.8531468531468531
p7_img16,data/raw/p7_img16.png,ResNet50,resnet50,Good,0.936769,0.063231,outputs/checkpoints/best_resnet50_lr0.0001.pth,0.0001,p5r1yde1,5,0.8531468531468531
p7_img17,data/raw/p7_img17.png,ResNet50,resnet50,Good,0.999967,3.3e-05,outputs/checkpoints/best_resnet50_lr0.0001.pth,0.0001,p5r1yde1,5,0.8531468531468531
p7_img18,data/raw/p7_img18.png,ResNet50,resnet50,Good,0.995374,0.004626,outputs/checkpoints/best_resnet50_lr0.0001.pth,0.0001,p5r1yde1,5,0.8531468531468531
p7_img19,data/raw/p7_img19.png,ResNet50,resnet50,Good,0.998621,0.001379,outputs/checkpoints/best_resnet50_lr0.0001.pth,0.0001,p5r1yde1,5,0.8531468531468531
p7_img2,data/raw/p7_img2.png,ResNet50,resnet50,Good,0.994388,0.005612,outputs/checkpoints/best_resnet50_lr0.0001.pth,0.0001,p5r1yde1,5,0.8531468531468531
p7_img20,data/raw/p7_img20.png,ResNet50,resnet50,Good,0.994149,0.005851,outputs/checkpoints/best_resnet50_lr0.0001.pth,0.0001,p5r1yde1,5,0.8531468531468531
p7_img21,data/raw/p7_img21.png,ResNet50,resnet50,Good,0.999918,8.2e-05,outputs/checkpoints/best_resnet50_lr0.0001.pth,0.0001,p5r1yde1,5,0.8531468531468531
p7_img22,data/raw/p7_img22.png,ResNet50,resnet50,Good,0.998965,0.001035,outputs/checkpoints/best_resnet50_lr0.0001.pth,0.0001,p5r1yde1,5,0.8531468531468531
p7_img23,data/raw/p7_img23.png,ResNet50,resnet50,Good,0.998013,0.001987,outputs/checkpoints/best_resnet50_lr0.0001.pth,0.0001,p5r1yde1,5,0.8531468531468531
p7_img24,data/raw/p7_img24.png,ResNet50,resnet50,Good,0.987585,0.012415,outputs/checkpoints/best_resnet50_lr0.0001.pth,0.0001,p5r1yde1,5,0.8531468531468531
p7_img25,data/raw/p7_img25.png,ResNet50,resnet50,Good,0.99853,0.00147,outputs/checkpoints/best_resnet50_lr0.0001.pth,0.0001,p5r1yde1,5,0.8531468531468531
p7_img26,data/raw/p7_img26.png,ResNet50,resnet50,Good,0.922384,0.077616,outputs/checkpoints/best_resnet50_lr0.0001.pth,0.0001,p5r1yde1,5,0.8531468531468531
p7_img27,data/raw/p7_img27.png,ResNet50,resnet50,Good,0.997884,0.002116,outputs/checkpoints/best_resnet50_lr0.0001.pth,0.0001,p5r1yde1,5,0.8531468531468531
p7_img28,data/raw/p7_img28.png,ResNet50,resnet50,Bad,0.424485,0.575515,outputs/checkpoints/best_resnet50_lr0.0001.pth,0.0001,p5r1yde1,5,0.8531468531468531
p7_img29,data/raw/p7_img29.png,ResNet50,resnet50,Good,0.666402,0.333598,outputs/checkpoints/best_resnet50_lr0.0001.pth,0.0001,p5r1yde1,5,0.8531468531468531
p7_img3,data/raw/p7_img3.png,ResNet50,resnet50,Good,0.996924,0.003076,outputs/checkpoints/best_resnet50_lr0.0001.pth,0.0001,p5r1yde1,5,0.8531468531468531
p7_img4,data/raw/p7_img4.png,ResNet50,resnet50,Good,0.920613,0.079387,outputs/checkpoints/best_resnet50_lr0.0001.pth,0.0001,p5r1yde1,5,0.8531468531468531
p7_img5,data/raw/p7_img5.png,ResNet50,resnet50,Good,0.992806,0.007194,outputs/checkpoints/best_resnet50_lr0.0001.pth,0.0001,p5r1yde1,5,0.8531468531468531
p7_img6,data/raw/p7_img6.png,ResNet50,resnet50,Good,0.992399,0.007601,outputs/checkpoints/best_resnet50_lr0.0001.pth,0.0001,p5r1yde1,5,0.8531468531468531
p7_img7,data/raw/p7_img7.png,ResNet50,resnet50,Good,0.999357,0.000643,outputs/checkpoints/best_resnet50_lr0.0001.pth,0.0001,p5r1yde1,5,0.8531468531468531
p7_img8,data/raw/p7_img8.png,ResNet50,resnet50,Good,0.998826,0.001174,outputs/checkpoints/best_resnet50_lr0.0001.pth,0.0001,p5r1yde1,5,0.8531468531468531
p7_img9,data/raw/p7_img9.png,ResNet50,resnet50,Good,0.998569,0.001431,outputs/checkpoints/best_resnet50_lr0.0001.pth,0.0001,p5r1yde1,5,0.8531468531468531
p8_img0,data/raw/p8_img0.png,ResNet50,resnet50,Good,0.992378,0.007622,outputs/checkpoints/best_resnet50_lr0.0001.pth,0.0001,p5r1yde1,5,0.8531468531468531
p8_img1,data/raw/p8_img1.png,ResNet50,resnet50,Good,0.728558,0.271442,outputs/checkpoints/best_resnet50_lr0.0001.pth,0.0001,p5r1yde1,5,0.8531468531468531
p8_img10,data/raw/p8_img10.png,ResNet50,resnet50,Good,0.718644,0.281356,outputs/checkpoints/best_resnet50_lr0.0001.pth,0.0001,p5r1yde1,5,0.8531468531468531
p8_img11,data/raw/p8_img11.png,ResNet50,resnet50,Good,0.997984,0.002016,outputs/checkpoints/best_resnet50_lr0.0001.pth,0.0001,p5r1yde1,5,0.8531468531468531
p8_img12,data/raw/p8_img12.png,ResNet50,resnet50,Good,0.91211,0.08789,outputs/checkpoints/best_resnet50_lr0.0001.pth,0.0001,p5r1yde1,5,0.8531468531468531
p8_img13,data/raw/p8_img13.png,ResNet50,resnet50,Good,0.999997,3e-06,outputs/checkpoints/best_resnet50_lr0.0001.pth,0.0001,p5r1yde1,5,0.8531468531468531
p8_img14,data/raw/p8_img14.png,ResNet50,resnet50,Good,0.999919,8.1e-05,outputs/checkpoints/best_resnet50_lr0.0001.pth,0.0001,p5r1yde1,5,0.8531468531468531
p8_img15,data/raw/p8_img15.png,ResNet50,resnet50,Good,0.999999,1e-06,outputs/checkpoints/best_resnet50_lr0.0001.pth,0.0001,p5r1yde1,5,0.8531468531468531
p8_img16,data/raw/p8_img16.png,ResNet50,resnet50,Good,0.952585,0.047415,outputs/checkpoints/best_resnet50_lr0.0001.pth,0.0001,p5r1yde1,5,0.8531468531468531
p8_img17,data/raw/p8_img17.png,ResNet50,resnet50,Good,0.999995,5e-06,outputs/checkpoints/best_resnet50_lr0.0001.pth,0.0001,p5r1yde1,5,0.8531468531468531
p8_img18,data/raw/p8_img18.png,ResNet50,resnet50,Good,0.998607,0.001393,outputs/checkpoints/best_resnet50_lr0.0001.pth,0.0001,p5r1yde1,5,0.8531468531468531
p8_img19,data/raw/p8_img19.png,ResNet50,resnet50,Good,0.998074,0.001926,outputs/checkpoints/best_resnet50_lr0.0001.pth,0.0001,p5r1yde1,5,0.8531468531468531
p8_img2,data/raw/p8_img2.png,ResNet50,resnet50,Good,0.997505,0.002495,outputs/checkpoints/best_resnet50_lr0.0001.pth,0.0001,p5r1yde1,5,0.8531468531468531
p8_img20,data/raw/p8_img20.png,ResNet50,resnet50,Good,0.998389,0.001611,outputs/checkpoints/best_resnet50_lr0.0001.pth,0.0001,p5r1yde1,5,0.8531468531468531
p8_img21,data/raw/p8_img21.png,ResNet50,resnet50,Good,0.999455,0.000545,outputs/checkpoints/best_resnet50_lr0.0001.pth,0.0001,p5r1yde1,5,0.8531468531468531
p8_img22,data/raw/p8_img22.png,ResNet50,resnet50,Good,0.998755,0.001245,outputs/checkpoints/best_resnet50_lr0.0001.pth,0.0001,p5r1yde1,5,0.8531468531468531
p8_img23,data/raw/p8_img23.png,ResNet50,resnet50,Good,0.998456,0.001544,outputs/checkpoints/best_resnet50_lr0.0001.pth,0.0001,p5r1yde1,5,0.8531468531468531
p8_img24,data/raw/p8_img24.png,ResNet50,resnet50,Good,0.993223,0.006777,outputs/checkpoints/best_resnet50_lr0.0001.pth,0.0001,p5r1yde1,5,0.8531468531468531
p8_img25,data/raw/p8_img25.png,ResNet50,resnet50,Good,0.999863,0.000137,outputs/checkpoints/best_resnet50_lr0.0001.pth,0.0001,p5r1yde1,5,0.8531468531468531
p8_img26,data/raw/p8_img26.png,ResNet50,resnet50,Good,0.652904,0.347096,outputs/checkpoints/best_resnet50_lr0.0001.pth,0.0001,p5r1yde1,5,0.8531468531468531
p8_img27,data/raw/p8_img27.png,ResNet50,resnet50,Good,0.999225,0.000775,outputs/checkpoints/best_resnet50_lr0.0001.pth,0.0001,p5r1yde1,5,0.8531468531468531
p8_img28,data/raw/p8_img28.png,ResNet50,resnet50,Good,0.99048,0.00952,outputs/checkpoints/best_resnet50_lr0.0001.pth,0.0001,p5r1yde1,5,0.8531468531468531
p8_img29,data/raw/p8_img29.png,ResNet50,resnet50,Good,0.992735,0.007265,outputs/checkpoints/best_resnet50_lr0.0001.pth,0.0001,p5r1yde1,5,0.8531468531468531
p8_img3,data/raw/p8_img3.png,ResNet50,resnet50,Good,0.999513,0.000487,outputs/checkpoints/best_resnet50_lr0.0001.pth,0.0001,p5r1yde1,5,0.8531468531468531
p8_img4,data/raw/p8_img4.png,ResNet50,resnet50,Good,0.916884,0.083116,outputs/checkpoints/best_resnet50_lr0.0001.pth,0.0001,p5r1yde1,5,0.8531468531468531
p8_img5,data/raw/p8_img5.png,ResNet50,resnet50,Good,0.999996,4e-06,outputs/checkpoints/best_resnet50_lr0.0001.pth,0.0001,p5r1yde1,5,0.8531468531468531
p8_img6,data/raw/p8_img6.png,ResNet50,resnet50,Good,0.991505,0.008495,outputs/checkpoints/best_resnet50_lr0.0001.pth,0.0001,p5r1yde1,5,0.8531468531468531
p8_img7,data/raw/p8_img7.png,ResNet50,resnet50,Good,0.991154,0.008846,outputs/checkpoints/best_resnet50_lr0.0001.pth,0.0001,p5r1yde1,5,0.8531468531468531
p8_img8,data/raw/p8_img8.png,ResNet50,resnet50,Good,0.999019,0.000981,outputs/checkpoints/best_resnet50_lr0.0001.pth,0.0001,p5r1yde1,5,0.8531468531468531
p8_img9,data/raw/p8_img9.png,ResNet50,resnet50,Good,0.997053,0.002947,outputs/checkpoints/best_resnet50_lr0.0001.pth,0.0001,p5r1yde1,5,0.8531468531468531
p9_img0,data/raw/p9_img0.png,ResNet50,resnet50,Good,0.721153,0.278847,outputs/checkpoints/best_resnet50_lr0.0001.pth,0.0001,p5r1yde1,5,0.8531468531468531
p9_img1,data/raw/p9_img1.png,ResNet50,resnet50,Good,0.915785,0.084215,outputs/checkpoints/best_resnet50_lr0.0001.pth,0.0001,p5r1yde1,5,0.8531468531468531
p9_img10,data/raw/p9_img10.png,ResNet50,resnet50,Good,0.995346,0.004654,outputs/checkpoints/best_resnet50_lr0.0001.pth,0.0001,p5r1yde1,5,0.8531468531468531
p9_img11,data/raw/p9_img11.png,ResNet50,resnet50,Bad,0.459298,0.540702,outputs/checkpoints/best_resnet50_lr0.0001.pth,0.0001,p5r1yde1,5,0.8531468531468531
p9_img12,data/raw/p9_img12.png,ResNet50,resnet50,Good,0.531736,0.468264,outputs/checkpoints/best_resnet50_lr0.0001.pth,0.0001,p5r1yde1,5,0.8531468531468531
p9_img13,data/raw/p9_img13.png,ResNet50,resnet50,Good,0.999079,0.00092,outputs/checkpoints/best_resnet50_lr0.0001.pth,0.0001,p5r1yde1,5,0.8531468531468531
p9_img14,data/raw/p9_img14.png,ResNet50,resnet50,Good,0.562119,0.437881,outputs/checkpoints/best_resnet50_lr0.0001.pth,0.0001,p5r1yde1,5,0.8531468531468531
p9_img15,data/raw/p9_img15.png,ResNet50,resnet50,Good,0.52014,0.47986,outputs/checkpoints/best_resnet50_lr0.0001.pth,0.0001,p5r1yde1,5,0.8531468531468531
p9_img16,data/raw/p9_img16.png,ResNet50,resnet50,Good,0.966734,0.033266,outputs/checkpoints/best_resnet50_lr0.0001.pth,0.0001,p5r1yde1,5,0.8531468531468531
p9_img17,data/raw/p9_img17.png,ResNet50,resnet50,Good,0.960517,0.039483,outputs/checkpoints/best_resnet50_lr0.0001.pth,0.0001,p5r1yde1,5,0.8531468531468531
p9_img18,data/raw/p9_img18.png,ResNet50,resnet50,Good,0.934921,0.065079,outputs/checkpoints/best_resnet50_lr0.0001.pth,0.0001,p5r1yde1,5,0.8531468531468531
p9_img19,data/raw/p9_img19.png,ResNet50,resnet50,Good,0.927374,0.072626,outputs/checkpoints/best_resnet50_lr0.0001.pth,0.0001,p5r1yde1,5,0.8531468531468531
p9_img2,data/raw/p9_img2.png,ResNet50,resnet50,Bad,0.429715,0.570285,outputs/checkpoints/best_resnet50_lr0.0001.pth,0.0001,p5r1yde1,5,0.8531468531468531
p9_img20,data/raw/p9_img20.png,ResNet50,resnet50,Good,0.62851,0.37149,outputs/checkpoints/best_resnet50_lr0.0001.pth,0.0001,p5r1yde1,5,0.8531468531468531
p9_img21,data/raw/p9_img21.png,ResNet50,resnet50,Good,0.951197,0.048803,outputs/checkpoints/best_resnet50_lr0.0001.pth,0.0001,p5r1yde1,5,0.8531468531468531
p9_img22,data/raw/p9_img22.png,ResNet50,resnet50,Good,0.994554,0.005446,outputs/checkpoints/best_resnet50_lr0.0001.pth,0.0001,p5r1yde1,5,0.8531468531468531
p9_img23,data/raw/p9_img23.png,ResNet50,resnet50,Good,0.939578,0.060422,outputs/checkpoints/best_resnet50_lr0.0001.pth,0.0001,p5r1yde1,5,0.8531468531468531
p9_img24,data/raw/p9_img24.png,ResNet50,resnet50,Good,0.998578,0.001422,outputs/checkpoints/best_resnet50_lr0.0001.pth,0.0001,p5r1yde1,5,0.8531468531468531
p9_img25,data/raw/p9_img25.png,ResNet50,resnet50,Good,0.833983,0.166017,outputs/checkpoints/best_resnet50_lr0.0001.pth,0.0001,p5r1yde1,5,0.8531468531468531
p9_img26,data/raw/p9_img26.png,ResNet50,resnet50,Good,0.965824,0.034176,outputs/checkpoints/best_resnet50_lr0.0001.pth,0.0001,p5r1yde1,5,0.8531468531468531
p9_img27,data/raw/p9_img27.png,ResNet50,resnet50,Good,0.922233,0.077767,outputs/checkpoints/best_resnet50_lr0.0001.pth,0.0001,p5r1yde1,5,0.8531468531468531
p9_img28,data/raw/p9_img28.png,ResNet50,resnet50,Good,0.514971,0.485029,outputs/checkpoints/best_resnet50_lr0.0001.pth,0.0001,p5r1yde1,5,0.8531468531468531
p9_img29,data/raw/p9_img29.png,ResNet50,resnet50,Good,0.874286,0.125714,outputs/checkpoints/best_resnet50_lr0.0001.pth,0.0001,p5r1yde1,5,0.8531468531468531
p9_img3,data/raw/p9_img3.png,ResNet50,resnet50,Good,0.761294,0.238706,outputs/checkpoints/best_resnet50_lr0.0001.pth,0.0001,p5r1yde1,5,0.8531468531468531
p9_img4,data/raw/p9_img4.png,ResNet50,resnet50,Good,0.960733,0.039267,outputs/checkpoints/best_resnet50_lr0.0001.pth,0.0001,p5r1yde1,5,0.8531468531468531
p9_img5,data/raw/p9_img5.png,ResNet50,resnet50,Good,0.949646,0.050354,outputs/checkpoints/best_resnet50_lr0.0001.pth,0.0001,p5r1yde1,5,0.8531468531468531
p9_img6,data/raw/p9_img6.png,ResNet50,resnet50,Good,0.697288,0.302712,outputs/checkpoints/best_resnet50_lr0.0001.pth,0.0001,p5r1yde1,5,0.8531468531468531
p9_img7,data/raw/p9_img7.png,ResNet50,resnet50,Good,0.998766,0.001234,outputs/checkpoints/best_resnet50_lr0.0001.pth,0.0001,p5r1yde1,5,0.8531468531468531
p9_img8,data/raw/p9_img8.png,ResNet50,resnet50,Good,0.995803,0.004197,outputs/checkpoints/best_resnet50_lr0.0001.pth,0.0001,p5r1yde1,5,0.8531468531468531
p9_img9,data/raw/p9_img9.png,ResNet50,resnet50,Good,0.80572,0.19428,outputs/checkpoints/best_resnet50_lr0.0001.pth,0.0001,p5r1yde1,5,0.8531468531468531
